name,party_I,party_II,party_III,party_IV,party_V,party_VI,partyChanger,isFemale,allParties,partyCount,isPartyConstant
Иманалиев Каныбек Капашович,,Нет данных,Самовыдвиженец,,Ар-Намыс,Ата Мекен,1,0,",Нет данных,Самовыдвиженец,,Ар-Намыс,Ата Мекен",4,False
Текебаев Омурбек Чиркешович,Нет данных,Нет данных,Ата-Журт,,Ата Мекен,Ата Мекен,1,0,"Нет данных,Нет данных,Ата-Журт,,Ата Мекен,Ата Мекен",5,False
Никитенко Наталья Владимировна,,,,,Ата Мекен,Ата Мекен,0,1,",,,,Ата Мекен,Ата Мекен",2,True
Маматов Абдимуктар Маматович,,,,,Ата Мекен,Ата Мекен,0,0,",,,,Ата Мекен,Ата Мекен",2,True
Нышанов Сайдилла Канболотович,,,Самовыдвиженец,,,Ата Мекен,0,0,",,Самовыдвиженец,,,Ата Мекен",2,False
Самат Гульнара-Клара,,,,,,Ата Мекен,0,1,",,,,,Ата Мекен",1,False
Сулейманов Бахадыр Искакович,,,,,,Ата Мекен,0,0,",,,,,Ата Мекен",1,False
Токтошев Эмиль Токтакунович,,,,,,Ата Мекен,0,0,",,,,,Ата Мекен",1,False
Шыкмаматов Алмамбет Насырканович,,,,,,Ата Мекен,0,0,",,,,,Ата Мекен",1,False
Салянова Аида Женишбековна,,,,,,Ата Мекен,0,1,",,,,,Ата Мекен",1,False
Шер-Нияз Садык,,,,,,Ата Мекен,0,0,",,,,,Ата Мекен",1,False
Гайпкулов Искандер Торобаевич,,,,,,Ата Мекен,0,0,",,,,,Ата Мекен",1,False
Мамашова Айсулуу Турусбековна,,,,,,Ата Мекен,0,1,",,,,,Ата Мекен",1,False
Сыдыгалиев Нурбек Омурбекович,,,,,,Ата Мекен,0,0,",,,,,Ата Мекен",1,False
Жапаров Акылбек Усенбекович,,Нет данных,,,Ар-Намыс,Бир Бол,1,0,",Нет данных,,,Ар-Намыс,Бир Бол",3,False
Абдылдаев Мыктыбек Юсупович,,,,,Ата-Журт,Бир Бол,1,0,",,,,Ата-Журт,Бир Бол",2,False
Сулайманов Алтынбек Турдубаевич,,,,Ак Жол,Республика,Бир Бол,1,0,",,,Ак Жол,Республика,Бир Бол",3,False
Пирматов Исхак Айтбаевич,,,,,Республика,Бир Бол,1,0,",,,,Республика,Бир Бол",2,False
Шадиев Аскарбек Алимбаевич,,Нет данных,Алга Кыргызстан,Ак Жол,,Бир Бол,1,0,",Нет данных,Алга Кыргызстан,Ак Жол,,Бир Бол",4,False
Ормонов Улугбек Зулпукарович,,,Самовыдвиженец,Ак Жол,,Бир Бол,1,0,",,Самовыдвиженец,Ак Жол,,Бир Бол",3,False
Жумалиев Кубанычбек Мырзабекович,,,,,,Бир Бол,0,0,",,,,,Бир Бол",1,False
Торокулов Дуйшон Гуламкадырович,,,,,,Бир Бол,0,0,",,,,,Бир Бол",1,False
Турусбеков Бактыбек Сагындыкович,,,,,,Бир Бол,0,0,",,,,,Бир Бол",1,False
Чудинов Игорь Витальевич,,,,,,Бир Бол,0,0,",,,,,Бир Бол",1,False
Акматов Алмазбек Жумабекович,,,,,,Бир Бол,0,0,",,,,,Бир Бол",1,False
Тагаев Эрмамат Султанович,,,,,,Бир Бол,0,0,",,,,,Бир Бол",1,False
Субанбеков Бакирдин Жамалович,,,,,,Бир Бол,0,0,",,,,,Бир Бол",1,False
Бакчиев Джаныбек Абдукапарович,,,,,,Бир Бол,0,0,",,,,,Бир Бол",1,False
Джакупова Чолпон Идиновна,,,,,,Бир Бол,0,1,",,,,,Бир Бол",1,False
Джумабеков Дастанбек Артисбекович,,,,,Ата-Журт,Кыргызстан,1,0,",,,,Ата-Журт,Кыргызстан",2,False
Исаев Канатбек Кедейканович,,,,,Республика,Кыргызстан,1,0,",,,,Республика,Кыргызстан",2,False
Султанбекова Чолпон Аалыевна,,,,,Республика,Кыргызстан,1,1,",,,,Республика,Кыргызстан",2,False
Баатырбеков Алмазбек Баатырбекович,,,,,Республика,Кыргызстан,1,0,",,,,Республика,Кыргызстан",2,False
Алимбеков Нурбек Каарыевич,,,,,Республика,Кыргызстан,1,0,",,,,Республика,Кыргызстан",2,False
Турсунбаев Азизбек Атакозуевич,,,Самовыдвиженец,Ак Жол,,Кыргызстан,1,0,",,Самовыдвиженец,Ак Жол,,Кыргызстан",3,False
Асылбек уулу Дамирбек,,,,Ак Жол,,Кыргызстан,1,0,",,,Ак Жол,,Кыргызстан",2,False
Самаев Урматбек Обозбекович,,,,,,Кыргызстан,0,0,",,,,,Кыргызстан",1,False
Назаров Айтмамат Кошоевич,,,,,,Кыргызстан,0,0,",,,,,Кыргызстан",1,False
Исаев Жаныбек Базаркулович,,,,,,Кыргызстан,0,0,",,,,,Кыргызстан",1,False
Конушбаев Тынчтыкбек Кадырбекович,,,,,,Кыргызстан,0,0,",,,,,Кыргызстан",1,False
Нурматов Кубанычбек Советович,,,,,,Кыргызстан,0,0,",,,,,Кыргызстан",1,False
Чойбеков Руслан Нуркалиевич,,,,,,Кыргызстан,0,0,",,,,,Кыргызстан",1,False
Толонов Данияр Эрмекович,,,,,,Кыргызстан,0,0,",,,,,Кыргызстан",1,False
Токторов Алмазбек Сатиевич,,,,,,Кыргызстан,0,0,",,,,,Кыргызстан",1,False
Алыбаев Орозбек Артельевич,,,,,,Кыргызстан,0,0,",,,,,Кыргызстан",1,False
Макеев Нурланбек Кадыкеевич,,,,,,Кыргызстан,0,0,",,,,,Кыргызстан",1,False
Аскарова Айнура Алмасбековна,,,,,,Кыргызстан,0,1,",,,,,Кыргызстан",1,False
Мусаев Насыр Исмазович,,,,,,Кыргызстан,0,0,",,,,,Кыргызстан",1,False
Калмаматов Жыргалбек Айтиевич,,,,,,Кыргызстан,0,0,",,,,,Кыргызстан",1,False
Сарсейитов Исланбек Зайырбекович,,,,,,Кыргызстан,0,0,",,,,,Кыргызстан",1,False
Сыдыгалиев Бектен Качкыналиевич,,,,,,Кыргызстан,0,0,",,,,,Кыргызстан",1,False
Исакунова Таалайкул Базаркуловна,,,,,,Кыргызстан,0,1,",,,,,Кыргызстан",1,False
Масабиров Таалайбек Айтмаматович,,,,,,Кыргызстан,0,0,",,,,,Кыргызстан",1,False
Айдаров Салайдин Абдираевич,,,,,,Кыргызстан,0,0,",,,,,Кыргызстан",1,False
Эргешов Алмазбек Манасбекович,,,,,,Кыргызстан,0,0,",,,,,Кыргызстан",1,False
Абдыкеримов Шаршенбек Шайлообекович,,,,,,Кыргызстан,0,0,",,,,,Кыргызстан",1,False
Торобаев Бакыт Эргешевич,,,,Ак Жол,Республика,Онугуу-Прогресс,1,0,",,,Ак Жол,Республика,Онугуу-Прогресс",3,False
Бакиров Мирлан Исакбекович,,,,,Республика,Онугуу-Прогресс,1,0,",,,,Республика,Онугуу-Прогресс",2,False
Шайназаров Тынчтык Урайимович,,,,,Республика,Онугуу-Прогресс,1,0,",,,,Республика,Онугуу-Прогресс",2,False
Жамалдинов Зиядин Исламович,,,Самовыдвиженец,Ак Жол,,Онугуу-Прогресс,1,0,",,Самовыдвиженец,Ак Жол,,Онугуу-Прогресс",3,False
Юсуров Абдумажит Лелезович,,,,Ак Жол,,Онугуу-Прогресс,1,0,",,,Ак Жол,,Онугуу-Прогресс",2,False
Масалиев Исхак Абсаматович,,Нет данных,Партия коммунистов КР,Партия коммунистов КР,,Онугуу-Прогресс,1,0,",Нет данных,Партия коммунистов КР,Партия коммунистов КР,,Онугуу-Прогресс",4,False
Жолдошбаев Камчыбек Жолдошбаевич,,,Адилет,,,Онугуу-Прогресс,1,0,",,Адилет,,,Онугуу-Прогресс",2,False
Узакбаев Абылкайыр Осмонбекович,,,,,,Онугуу-Прогресс,0,0,",,,,,Онугуу-Прогресс",1,False
Султанов Абдыкапар Маданбекович,,,,,,Онугуу-Прогресс,0,0,",,,,,Онугуу-Прогресс",1,False
Асылбаева Гюльшат Кадыровна,,,,,,Онугуу-Прогресс,0,1,",,,,,Онугуу-Прогресс",1,False
Жунус уулу Алтынбек,,,,,,Онугуу-Прогресс,0,0,",,,,,Онугуу-Прогресс",1,False
Жутанов Алмаз Токтоназарович,,,,,,Онугуу-Прогресс,0,0,",,,,,Онугуу-Прогресс",1,False
Икрамов Тазабек Икрамович,,,,,,Онугуу-Прогресс,0,0,",,,,,Онугуу-Прогресс",1,False
Исаева Динара Шертаевна,,,,Ак Жол,Ата-Журт,Республика - Ата Журт,1,1,",,,Ак Жол,Ата-Журт,Республика - Ата Журт",3,False
Мамытов Талант Турдумаматович,,,,,Ата-Журт,Республика - Ата Журт,1,0,",,,,Ата-Журт,Республика - Ата Журт",2,False
Чолпонбаев Улан Сапарбекович,,,,,Ата-Журт,Республика - Ата Журт,1,0,",,,,Ата-Журт,Республика - Ата Журт",2,False
Бабанов Омурбек Токтогулович,,,Самовыдвиженец,,Республика,Республика - Ата Журт,1,0,",,Самовыдвиженец,,Республика,Республика - Ата Журт",3,False
Омурбекова Алтынай Сейтбековна,,,,,Республика,Республика - Ата Журт,1,1,",,,,Республика,Республика - Ата Журт",2,False
Бокоев Кенжебек Сатымкулович,,,,,Республика,Республика - Ата Журт,1,0,",,,,Республика,Республика - Ата Журт",2,False
Сабиров Максат Эсенович,,,,,Республика,Республика - Ата Журт,1,0,",,,,Республика,Республика - Ата Журт",2,False
Тулендыбаев Пархат Розымович,,,,Ак Жол,,Республика - Ата Журт,1,0,",,,Ак Жол,,Республика - Ата Журт",2,False
Абжалиев Алиярбек Токобекович,,,Самовыдвиженец,,,Республика - Ата Журт,0,0,",,Самовыдвиженец,,,Республика - Ата Журт",2,False
Шарапов Закир Эшматович,,Нет данных,,,,Республика - Ата Журт,0,0,",Нет данных,,,,Республика - Ата Журт",2,False
Баймуратов Калдарбек Шакирович,,,,,,Республика - Ата Журт,0,0,",,,,,Республика - Ата Журт",1,False
Туманбаева Рада Мураталыевна,,,,,,Республика - Ата Журт,0,1,",,,,,Республика - Ата Журт",1,False
Зулушев Курманкул Токторалыевич,,,,,,Республика - Ата Журт,0,0,",,,,,Республика - Ата Журт",1,False
Сыдыков Бактыбек Усенович,,,,,,Республика - Ата Журт,0,0,",,,,,Республика - Ата Журт",1,False
Ибраимжанов Болотбек Сапарбаевич,,,,,,Республика - Ата Журт,0,0,",,,,,Республика - Ата Журт",1,False
Жеенчороев Мирлан Канатбекович,,,,,,Республика - Ата Журт,0,0,",,,,,Республика - Ата Журт",1,False
Турускулов Жыргалбек Куручбекович,,,,,,Республика - Ата Журт,0,0,",,,,,Республика - Ата Журт",1,False
Алтынбеков Айбек,,,,,,Республика - Ата Журт,0,0,",,,,,Республика - Ата Журт",1,False
Тиллаев Таабалды Гапырович,,,,,,Республика - Ата Журт,0,0,",,,,,Республика - Ата Журт",1,False
Жунус уулу Адыл,,,,,,Республика - Ата Журт,0,0,",,,,,Республика - Ата Журт",1,False
Жамангулов Акылбек Жекшенович,,,,,,Республика - Ата Журт,0,0,",,,,,Республика - Ата Журт",1,False
Дюшалиев Абдыбек Кашымбекович,,,,,,Республика - Ата Журт,0,0,",,,,,Республика - Ата Журт",1,False
Жоробеков Тариел Улукбекович,,,,,,Республика - Ата Журт,0,0,",,,,,Республика - Ата Журт",1,False
Тотонов Нурбек Темирбекович,,,,,,Республика - Ата Журт,0,0,",,,,,Республика - Ата Журт",1,False
Байбакпаев Экмат Джурукпаевич,,,,,,Республика - Ата Журт,0,0,",,,,,Республика - Ата Журт",1,False
Исмаилова Аида Жекшенбаевна,,,,,,Республика - Ата Журт,0,1,",,,,,Республика - Ата Журт",1,False
Рысалиев Зарылбек Кылычбекович,,,,,,Республика - Ата Журт,0,0,",,,,,Республика - Ата Журт",1,False
Райымкулов Бактыбек Кемелбекович,,,,,,Республика - Ата Журт,0,0,",,,,,Республика - Ата Журт",1,False
Маматалиев Марлен Абдырахманович,,,,,,Республика - Ата Журт,0,0,",,,,,Республика - Ата Журт",1,False
Мавлянова Махабат Эргешовна,,,,,,Республика - Ата Журт,0,1,",,,,,Республика - Ата Журт",1,False
Келдибаев Сагындык Аширалиевич,,,,,,Республика - Ата Журт,0,0,",,,,,Республика - Ата Журт",1,False
Казакбаев Руслан Айтбаевич,,,,,,Республика - Ата Журт,0,0,",,,,,Республика - Ата Журт",1,False
Кыдыралиев Умбеталы Токторалиевич,,,,,,Республика - Ата Журт,0,0,",,,,,Республика - Ата Журт",1,False
Нишанов Нургазы Нурланович,,,,,,Республика - Ата Журт,0,0,",,,,,Республика - Ата Журт",1,False
Иминов Фархат Ажмуханбетович,,,,,,Республика - Ата Журт,0,0,",,,,,Республика - Ата Журт",1,False
Саматов Жыргалбек Алимбаевич,,,,,,Республика - Ата Журт,0,0,",,,,,Республика - Ата Журт",1,False
Бешимбаева Айгерим Кабылбековна,,,,,,Республика - Ата Журт,0,1,",,,,,Республика - Ата Журт",1,False
Артыков Анвар Артыкович,Нет данных,,,,Ар-Намыс,СДПК,1,0,"Нет данных,,,,Ар-Намыс,СДПК",3,False
Джетигенов Бакытбек Дженишбекович,,,,,Ар-Намыс,СДПК,1,0,",,,,Ар-Намыс,СДПК",2,False
Рыспаев Кожобек Джайчыбекович,,,,,Ар-Намыс,СДПК,1,0,",,,,Ар-Намыс,СДПК",2,False
Бекешев Дастан Далабайевич,,,,,Ар-Намыс,СДПК,1,0,",,,,Ар-Намыс,СДПК",2,False
Алтыбаева Айнура Тойчиевна,,,,,Ар-Намыс,СДПК,1,1,",,,,Ар-Намыс,СДПК",2,False
Арапбаев Азамат Абдуллажанович,,,,Ак Жол,Ата-Журт,СДПК,1,0,",,,Ак Жол,Ата-Журт,СДПК",3,False
Скрипкина Галина Анатольевна,,,,СДПК,СДПК,СДПК,0,1,",,,СДПК,СДПК,СДПК",3,True
Жээнбеков Асылбек Шарипович,,,,СДПК,СДПК,СДПК,0,0,",,,СДПК,СДПК,СДПК",3,True
Карамушкина Ирина Юрьевна,,,,СДПК,СДПК,СДПК,0,1,",,,СДПК,СДПК,СДПК",3,True
Зулпукаров Торобай Закирович,,,,,СДПК,СДПК,0,0,",,,,СДПК,СДПК",2,True
Турсунбеков Чыныбай Акунович,,,,,СДПК,СДПК,0,0,",,,,СДПК,СДПК",2,True
Омуркулов Иса Шейшенкулович,Нет данных,Нет данных,Адилет,СДПК,,СДПК,1,0,"Нет данных,Нет данных,Адилет,СДПК,,СДПК",5,False
Артыкбаев Осмонбек Мамбетжанович,,,Алга Кыргызстан,СДПК,,СДПК,1,0,",,Алга Кыргызстан,СДПК,,СДПК",3,False
Кодуранова Асель Союзбековна,,,,СДПК,,СДПК,0,1,",,,СДПК,,СДПК",2,True
Примов Улан Бердибаевич,,,,,,СДПК,0,0,",,,,,СДПК",1,False
Матраимов Искендер Исмаилович,,,,,,СДПК,0,0,",,,,,СДПК",1,False
Керезбеков Канат Керезбекович,,,,,,СДПК,0,0,",,,,,СДПК",1,False
Осмонова Айнура Шермаматовна,,,,,,СДПК,0,1,",,,,,СДПК",1,False
Молдобекова Гулкан Сакиновна,,,,,,СДПК,0,1,",,,,,СДПК",1,False
Айнакулов Мухтарбек Айнакулович,,,,,,СДПК,0,0,",,,,,СДПК",1,False
Маннанов Ильхом Абдукахарович,,,,,,СДПК,0,0,",,,,,СДПК",1,False
Момбеков Рыскелди Чыныбекович,,,,,,СДПК,0,0,",,,,,СДПК",1,False
Орозова Карамат Бабашевна,,,,,,СДПК,0,1,",,,,,СДПК",1,False
Аттокуров Данияр Бексултанович,,,,,,СДПК,0,0,",,,,,СДПК",1,False
Сурабалдиева Эльвира Жыргалбековна,,,,,,СДПК,0,1,",,,,,СДПК",1,False
Кулбараков Абтандил Илдузович,,,,,,СДПК,0,0,",,,,,СДПК",1,False
Акаев Жанарбек Кубанычович,,,,,,СДПК,0,0,",,,,,СДПК",1,False
Мадеминов Мурадыл Ганыевич,,,,,,СДПК,0,0,",,,,,СДПК",1,False
Эгембердиев Максатбек Бакирович,,,,,,СДПК,0,0,",,,,,СДПК",1,False
Мусабекова Жылдыз Аманбековна,,,,,,СДПК,0,1,",,,,,СДПК",1,False
Бакиров Омурбек Мирзараимович,,,,,,СДПК,0,0,",,,,,СДПК",1,False
Каримов Нодирбек Тохтосинович,,,,,,СДПК,0,0,",,,,,СДПК",1,False
Самигуллина Альфия Эльдаровна,,,,,,СДПК,0,1,",,,,,СДПК",1,False
Джураев Сайдолимжон Маруфович,,,,,,СДПК,0,0,",,,,,СДПК",1,False
Мискенбаев Мээрбек Жайлообаевич,,,,,,СДПК,0,0,",,,,,СДПК",1,False
Касымалиева Аида Камчыбековна,,,,,,СДПК,0,1,",,,,,СДПК",1,False
Кадыркулов Искендер Анарбекович,,,,,,СДПК,0,0,",,,,,СДПК",1,False
Аманкулов Марат Аскерович,,,,,,СДПК,0,0,",,,,,СДПК",1,False
Нурбаев Абдывахап Мамадрасулович,,,,,,СДПК,0,0,",,,,,СДПК",1,False
Исаев Тилектеш Каримович,,,,,,СДПК,0,0,",,,,,СДПК",1,False
Строкова Евгения Григорьевна,,,,,,СДПК,0,1,",,,,,СДПК",1,False
Исаков Музаффар Ахматходжаевич,,,,,,СДПК,0,0,",,,,,СДПК",1,False
Жылкыбаев Узарбек Казиевич,,,,,,СДПК,0,0,",,,,,СДПК",1,False
Карашев Аалы Азимович,,,,,,СДПК,0,0,",,,,,СДПК",1,False
Сатыбалдиев Кыянбек Урмаматович,,,,,,СДПК,0,0,",,,,,СДПК",1,False
Ибраев Саматбек Кулукеевич,,,,,,СДПК,0,0,",,,,,СДПК",1,False
Бакир уулу Турсунбай,Нет данных,Нет данных,,,Ар-Намыс,,0,0,"Нет данных,Нет данных,,,Ар-Намыс,",3,False
Гусаров Игорь Константинович,,,,,Ар-Намыс,,0,0,",,,,Ар-Намыс,",1,False
Левина Татьяна Владимировна,,,,,Ар-Намыс,,0,1,",,,,Ар-Намыс,",1,False
Бекбоев Замир Исакович,,,,,Ар-Намыс,,0,0,",,,,Ар-Намыс,",1,False
Узакбаев Талантбек Макишович,,,,,Ар-Намыс,,0,0,",,,,Ар-Намыс,",1,False
Бадыкеева Нуржана Нуралиевна,,,,,Ар-Намыс,,0,1,",,,,Ар-Намыс,",1,False
Калматов Анарбек Баратович,,,,,Ар-Намыс,,0,0,",,,,Ар-Намыс,",1,False
Мамытов Токтокучук Болотбекович,,,,,Ар-Намыс,,0,0,",,,,Ар-Намыс,",1,False
Талиева Камила Абдыразаковна,,,,,Ар-Намыс,,0,1,",,,,Ар-Намыс,",1,False
Маматалиев Абдырахман Мадакимович,,,,,Ар-Намыс,,0,0,",,,,Ар-Намыс,",1,False
Торобеков Нурлан Надирович,,,,,Ар-Намыс,,0,0,",,,,Ар-Намыс,",1,False
Асымбекова Гульнара Уметовна,,,,,Ар-Намыс,,0,1,",,,,Ар-Намыс,",1,False
Туманов Кубанычбек Туманович,,,,,Ар-Намыс,,0,0,",,,,Ар-Намыс,",1,False
Мамырова Бодош Аманбаевна,,,,,Ар-Намыс,,0,1,",,,,Ар-Намыс,",1,False
Осмоналиев Каныбек,,,,,Ар-Намыс,,0,0,",,,,Ар-Намыс,",1,False
Маматов Бактыгул Арстанович,,,,,Ар-Намыс,,0,0,",,,,Ар-Намыс,",1,False
Кулов Феликс Шаршенбаевич,,,,,Ар-Намыс,,0,0,",,,,Ар-Намыс,",1,False
Исаков Эсенгул,,,,,Ар-Намыс,,0,0,",,,,Ар-Намыс,",1,False
Шер Болот,,Нет данных,Ата-Журт,,Ата Мекен,,1,0,",Нет данных,Ата-Журт,,Ата Мекен,",3,False
Самаков Карганбек Садыкович,,Нет данных,Самовыдвиженец,,Ата Мекен,,0,0,",Нет данных,Самовыдвиженец,,Ата Мекен,",3,False
Алымбеков Эркинбек Джумабаевич,,,Самовыдвиженец,,Ата Мекен,,0,0,",,Самовыдвиженец,,Ата Мекен,",2,False
Балтабаев Ташболот,,Нет данных,,,Ата Мекен,,0,0,",Нет данных,,,Ата Мекен,",2,False
Калмаматов Бактыбек,,,,,Ата Мекен,,0,0,",,,,Ата Мекен,",1,False
Айтматова Ширин,,,,,Ата Мекен,,0,1,",,,,Ата Мекен,",1,False
Жээнбеков Равшан Бабырбекович,,,,,Ата Мекен,,0,0,",,,,Ата Мекен,",1,False
Сабиров Равшанбек Азатович,,,,,Ата Мекен,,0,0,",,,,Ата Мекен,",1,False
Тологонов Райкан,,,,,Ата Мекен,,0,0,",,,,Ата Мекен,",1,False
Абдырахманов Омурбек,,,,,Ата Мекен,,0,0,",,,,Ата Мекен,",1,False
Садырбаева Гуласал,,,,,Ата Мекен,,0,1,",,,,Ата Мекен,",1,False
Мадылбеков Туратбек,,,,,Ата Мекен,,0,0,",,,,Ата Мекен,",1,False
Сасыкбаева Асия Айтбаевна,,,,,Ата Мекен,,0,1,",,,,Ата Мекен,",1,False
Сапарбаев Жоомарт Рахатович,,,,,Ата Мекен,,0,0,",,,,Ата Мекен,",1,False
Досалиев Акуналы Атамурзаевич,,,,,Ата Мекен,,0,0,",,,,Ата Мекен,",1,False
Кудайбергенов Джаныш Камчыбекович,,,Самовыдвиженец,Ак Жол,Ата-Журт,,1,0,",,Самовыдвиженец,Ак Жол,Ата-Журт,",3,False
Айдаров Нургазы Абдыраевич,,Нет данных,,Ак Жол,Ата-Журт,,1,0,",Нет данных,,Ак Жол,Ата-Журт,",3,False
Молдобаев Нарынбек,,,,Ак Жол,Ата-Журт,,1,0,",,,Ак Жол,Ата-Журт,",2,False
Джунусов Ибрагим Коджоназарович,,,,Ак Жол,Ата-Журт,,1,0,",,,Ак Жол,Ата-Журт,",2,False
Шин Роман Александрович,,,Алга Кыргызстан,Партия коммунистов КР,Ата-Журт,,1,0,",,Алга Кыргызстан,Партия коммунистов КР,Ата-Журт,",3,False
Султанов Марат Абдыразакович,,Нет данных,Самовыдвиженец,,Ата-Журт,,0,0,",Нет данных,Самовыдвиженец,,Ата-Журт,",3,False
Иманалиев Жусуп Умарович,,,Самовыдвиженец,,Ата-Журт,,0,0,",,Самовыдвиженец,,Ата-Журт,",2,False
Ташиев Камчыбек Кыдыршаевич,,,Самовыдвиженец,,Ата-Журт,,0,0,",,Самовыдвиженец,,Ата-Журт,",2,False
Келдибеков Ахматбек Келдибекович,,,Самовыдвиженец,,Ата-Журт,,0,0,",,Самовыдвиженец,,Ата-Журт,",2,False
Жапаров Садыр Нургожоевич,,,Самовыдвиженец,,Ата-Журт,,0,0,",,Самовыдвиженец,,Ата-Журт,",2,False
Нарматова Надира Азимовна,,,,,Ата-Журт,,0,1,",,,,Ата-Журт,",1,False
Абдиев Курмантай,,,,,Ата-Журт,,0,0,",,,,Ата-Журт,",1,False
Осмонова Нурзат Курманбековна,,,,,Ата-Журт,,0,1,",,,,Ата-Журт,",1,False
Мажитова Шарапаткан,,,,,Ата-Журт,,0,1,",,,,Ата-Журт,",1,False
Суракматов Азиз Эмильбекович,,,,,Ата-Журт,,0,0,",,,,Ата-Журт,",1,False
Осмонов Курманбек Эргешович,,,,,Ата-Журт,,0,0,",,,,Ата-Журт,",1,False
Эсеналиева Сымбат,,,,,Ата-Журт,,0,1,",,,,Ата-Журт,",1,False
Сулайманов Нурлан Чолпонбаевич,,,,,Ата-Журт,,0,0,",,,,Ата-Журт,",1,False
Иманалиева Эльмира Сансызбаевна,,,,,Ата-Журт,,0,1,",,,,Ата-Журт,",1,False
Тюлеев Нариман Ташболотович,,,,,Ата-Журт,,0,0,",,,,Ата-Журт,",1,False
Кангельдиев Азамат Нурказыевич,,,,,Ата-Журт,,0,0,",,,,Ата-Журт,",1,False
Джолдошова Жылдызкан Айтибаевна,,,,,Ата-Журт,,0,1,",,,,Ата-Журт,",1,False
Акназарова Роза Корчубековна,,Нет данных,,,Республика,,0,1,",Нет данных,,,Республика,",2,False
Аманбаева Урулкан Абдилашимовна,,,,,Республика,,0,1,",,,,Республика,",1,False
Осмонов Малик Калылович,,,,,Республика,,0,0,",,,,Республика,",1,False
Обдунов Элмурат Абдувапович,,,,,Республика,,0,0,",,,,Республика,",1,False
Джумалиева Эльмира Бусурманкуловна,,,,,Республика,,0,1,",,,,Республика,",1,False
Арипов Назарали Турдалиевич,,,,,Республика,,0,0,",,,,Республика,",1,False
Мурашев Нурбек Мурпазылжанович,,,,,Республика,,0,0,",,,,Республика,",1,False
Бекматов Абдыжапар Гапырович,,,,,Республика,,0,0,",,,,Республика,",1,False
Режавалиев Абдулатип Маматасанович,,,,,Республика,,0,0,",,,,Республика,",1,False
Айтматов Куштарбек Суюнбаевич,,,,,Республика,,0,0,",,,,Республика,",1,False
Ниязалиева Дамира Абаскановна,,,,СДПК,СДПК,,0,1,",,,СДПК,СДПК,",2,True
Салымбеков Мамытбай Маткабылович,,,Алга Кыргызстан,,СДПК,,1,0,",,Алга Кыргызстан,,СДПК,",2,False
Орозбаев Мамат,Нет данных,,Самовыдвиженец,,СДПК,,0,0,"Нет данных,,Самовыдвиженец,,СДПК,",3,False
Атамбаев Алмазбек Шаршенович,Нет данных,,,,СДПК,,0,0,"Нет данных,,,,СДПК,",2,False
Исаков Исмаил Исакович,,Нет данных,,,СДПК,,0,0,",Нет данных,,,СДПК,",2,False
Кадыров Бахтияр Сабиржанович,,,,,СДПК,,0,0,",,,,СДПК,",1,False
Жоошбеков Заирбек Сулайманович,,,,,СДПК,,0,0,",,,,СДПК,",1,False
Кадыралиева Ыргал Кармышаковна,,,,,СДПК,,0,1,",,,,СДПК,",1,False
Измалкова Алла Николаевна,,,,,СДПК,,0,1,",,,,СДПК,",1,False
Султанов Акылбек Шакирович,,,,,СДПК,,0,0,",,,,СДПК,",1,False
Туманов Токтогул Туманович,,,,,СДПК,,0,0,",,,,СДПК,",1,False
Исаев Жусупали Калматович,,,,,СДПК,,0,0,",,,,СДПК,",1,False
Домшенко Олег Леонидович,,,,,СДПК,,0,0,",,,,СДПК,",1,False
Асанов Курсан Сатарович,,,,,СДПК,,0,0,",,,,СДПК,",1,False
Тербишалиев Данияр Омурзакович,,,,,СДПК,,0,0,",,,,СДПК,",1,False
Сакебаев Эркин Абдышевич,,,,,СДПК,,0,0,",,,,СДПК,",1,False
Эрматов Эгемберди,,,,,СДПК,,0,0,",,,,СДПК,",1,False
Жамгырчиева Гульнара Оморовна,,,,,СДПК,,0,1,",,,,СДПК,",1,False
Алымбеков Замирбек Маданбекович,,,,,СДПК,,0,0,",,,,СДПК,",1,False
Атаджанов Сабир Садыкджанович,,,,,СДПК,,0,0,",,,,СДПК,",1,False
Салимов Турсунтай Аблизович,,,,,СДПК,,0,0,",,,,СДПК,",1,False
Мамасаидов Мухаммаджан Ташалиевич,Нет данных,Нет данных,Алга Кыргызстан,Ак Жол,,,1,0,"Нет данных,Нет данных,Алга Кыргызстан,Ак Жол,,",4,False
Салымбеков Аскар Мааткабылович,,,Алга Кыргызстан,Ак Жол,,,1,0,",,Алга Кыргызстан,Ак Жол,,",2,False
Тагаев Айтибай Султанович,,,Алга Кыргызстан,Ак Жол,,,1,0,",,Алга Кыргызстан,Ак Жол,,",2,False
Бурканов Арзыбек Орозматович,,,Алга Кыргызстан,Ак Жол,,,1,0,",,Алга Кыргызстан,Ак Жол,,",2,False
Сабиров Алишер Ахмедович,Нет данных,Нет данных,Самовыдвиженец,Ак Жол,,,0,0,"Нет данных,Нет данных,Самовыдвиженец,Ак Жол,,",4,False
Толонов Арапбай,Нет данных,Нет данных,Самовыдвиженец,Ак Жол,,,0,0,"Нет данных,Нет данных,Самовыдвиженец,Ак Жол,,",4,False
Карабеков Кабай Джабаевич,,Нет данных,Самовыдвиженец,Ак Жол,,,0,0,",Нет данных,Самовыдвиженец,Ак Жол,,",3,False
Тагаев Рашид Бакирович,,,Самовыдвиженец,Ак Жол,,,0,0,",,Самовыдвиженец,Ак Жол,,",2,False
Данилов Юрий Анатольевич,,,Самовыдвиженец,Ак Жол,,,0,0,",,Самовыдвиженец,Ак Жол,,",2,False
Попов Сергей Владимирович,,,Самовыдвиженец,Ак Жол,,,0,0,",,Самовыдвиженец,Ак Жол,,",2,False
Исабеков Кубанычбек Сатиндиевич,,,другое,Ак Жол,,,1,0,",,другое,Ак Жол,,",2,False
Мадумаров Адахан Кимсанбаевич,Нет данных,Нет данных,,Ак Жол,,,0,0,"Нет данных,Нет данных,,Ак Жол,,",3,False
Каниметов Жангороз,Нет данных,Нет данных,,Ак Жол,,,0,0,"Нет данных,Нет данных,,Ак Жол,,",3,False
Садыбакасова Шарипа Садыбакасовна,Нет данных,Нет данных,,Ак Жол,,,0,1,"Нет данных,Нет данных,,Ак Жол,,",3,False
Джолдошев Кубанычбек Ниязович,,Нет данных,,Ак Жол,,,0,0,",Нет данных,,Ак Жол,,",2,False
Курманов Зайнидин Карпекович,,Нет данных,,Ак Жол,,,0,0,",Нет данных,,Ак Жол,,",2,False
Абдуллаева Чолпон Галийаскеровна,,,,Ак Жол,,,0,1,",,,Ак Жол,,",1,False
Рахимдинова Жылдыз Турсуновна,,,,Ак Жол,,,0,1,",,,Ак Жол,,",1,False
Орозалиев Табылды,,,,Ак Жол,,,0,0,",,,Ак Жол,,",1,False
Наргозуев Бегалы Молдогозуевич,,,,Ак Жол,,,0,0,",,,Ак Жол,,",1,False
Назаров Орзубек Пулетович,,,,Ак Жол,,,0,0,",,,Ак Жол,,",1,False
Молдошева Динара Автандиловна,,,,Ак Жол,,,0,1,",,,Ак Жол,,",1,False
Мамасалиев Алишер Тургунбаевич,,,,Ак Жол,,,0,0,",,,Ак Жол,,",1,False
Летова Ирина Витальевна,,,,Ак Жол,,,0,1,",,,Ак Жол,,",1,False
Кыдыров Дуйшембек Шакирович,,,,Ак Жол,,,0,0,",,,Ак Жол,,",1,False
Кунакунов Максат Касымжанович,,,,Ак Жол,,,0,0,",,,Ак Жол,,",1,False
Куликова Галина Александровна,,,,Ак Жол,,,0,1,",,,Ак Жол,,",1,False
Кулбаев Абдирейим Стамкулович,,,,Ак Жол,,,0,0,",,,Ак Жол,,",1,False
Койчубаков Нурлан Кенешович,,,,Ак Жол,,,0,0,",,,Ак Жол,,",1,False
Салахудинов Жалаллидин Сабахидинович,,,,Ак Жол,,,0,0,",,,Ак Жол,,",1,False
Абдырасаков Бейшенбек Токтобаевич,,,,Ак Жол,,,0,0,",,,Ак Жол,,",1,False
Абдыраимова Роза Асановна,,,,Ак Жол,,,0,1,",,,Ак Жол,,",1,False
Шабанова Татьяна Владимировна,,,,Ак Жол,,,0,1,",,,Ак Жол,,",1,False
Сыдыкова Лейла Чынтургановна,,,,Ак Жол,,,0,1,",,,Ак Жол,,",1,False
Сидоренко Раиса Васильевна,,,,Ак Жол,,,0,1,",,,Ак Жол,,",1,False
Сан Борис Анатольевич,,,,Ак Жол,,,0,0,",,,Ак Жол,,",1,False
Сакебаев Советбек Абдышевич,,,,Ак Жол,,,0,0,",,,Ак Жол,,",1,False
Керимова Нурбюбю Сартовна,,,,Ак Жол,,,0,1,",,,Ак Жол,,",1,False
Каримов Алмазбек Ташполотович,,,,Ак Жол,,,0,0,",,,Ак Жол,,",1,False
Баекова Чолпон Турсуновна,,,,Ак Жол,,,0,1,",,,Ак Жол,,",1,False
Аттокуров Осмонали Абдибалиевич,,,,Ак Жол,,,0,0,",,,Ак Жол,,",1,False
Атамбаев Нурпазыл Сатышович,,,,Ак Жол,,,0,0,",,,Ак Жол,,",1,False
Арсалиев Эрик Сайдалиевич,,,,Ак Жол,,,0,0,",,,Ак Жол,,",1,False
Арабаев Автандил Анисович,,,,Ак Жол,,,0,0,",,,Ак Жол,,",1,False
Акрамов Эрнаст Хашимович,,,,Ак Жол,,,0,0,",,,Ак Жол,,",1,False
Байбураева Айгуль Бекишовна,,,,Ак Жол,,,0,1,",,,Ак Жол,,",1,False
Кенжебаева Айнур Абдурасуловна,,,,Ак Жол,,,0,1,",,,Ак Жол,,",1,False
Байтиков Асанбек Байдолотович,,,,Ак Жол,,,0,0,",,,Ак Жол,,",1,False
Калмаматов Ажибай Айтиевич,,,,Ак Жол,,,0,0,",,,Ак Жол,,",1,False
Кабаев Акбаралы Саринжиевич,,,,Ак Жол,,,0,0,",,,Ак Жол,,",1,False
Исанова Мария Насирдиновна,,,,Ак Жол,,,0,1,",,,Ак Жол,,",1,False
Иманалиева Айнура Касымбековна,,,,Ак Жол,,,0,1,",,,Ак Жол,,",1,False
Ибрагимов Сергей Мухамедович,,,,Ак Жол,,,0,0,",,,Ак Жол,,",1,False
Жумабекова Турдукан Абдыкарыевна,,,,Ак Жол,,,0,1,",,,Ак Жол,,",1,False
Жакыпов Жолдошбек Сейталиевич,,,,Ак Жол,,,0,0,",,,Ак Жол,,",1,False
Дербишева Гульнара Толубаевна,,,,Ак Жол,,,0,1,",,,Ак Жол,,",1,False
Бурханов Авдикаримходжа Ходжаевич,,,,Ак Жол,,,0,0,",,,Ак Жол,,",1,False
Бекенова Зулхабира,,,,Ак Жол,,,0,1,",,,Ак Жол,,",1,False
Покусаев Олег Николаевич,,,,Ак Жол,,,0,0,",,,Ак Жол,,",1,False
Нуржанов Бакытбек Качкынбаевич,,,,Ак Жол,,,0,0,",,,Ак Жол,,",1,False
Базаркулова Гульмира Мукашевна,,,,Ак Жол,,,0,1,",,,Ак Жол,,",1,False
Кадыралиев Санжарбек Кармышакович,,,,Ак Жол,,,0,0,",,,Ак Жол,,",1,False
Иманалиев Бактыбек Тыбынович,,,,Ак Жол,,,0,0,",,,Ак Жол,,",1,False
Мырзакматов Мелисбек Жоошбаевич,,,,Ак Жол,,,0,0,",,,Ак Жол,,",1,False
Ибраимова Эльмира Султановна,,,,Ак Жол,,,0,1,",,,Ак Жол,,",1,False
Коркмазов Хаджимурат Зулкарнаевич,Нет данных,Нет данных,Самовыдвиженец,Партия коммунистов КР,,,0,0,"Нет данных,Нет данных,Самовыдвиженец,Партия коммунистов КР,,",4,False
Байло Николай Иванович,,Нет данных,,Партия коммунистов КР,,,0,0,",Нет данных,,Партия коммунистов КР,,",2,False
Акунов Бейшебек Акунович,,Нет данных,,Партия коммунистов КР,,,0,0,",Нет данных,,Партия коммунистов КР,,",2,False
Мамасейитова Бумайрам Уташевна,,,,Партия коммунистов КР,,,0,1,",,,Партия коммунистов КР,,",1,False
Султаналиева Гульжамал Тиленбаевна,,,,Партия коммунистов КР,,,0,1,",,,Партия коммунистов КР,,",1,False
Сейтказиев Анаш Токтосунович,,,,Партия коммунистов КР,,,0,0,",,,Партия коммунистов КР,,",1,False
Эгембердиев Шерали,,,,Партия коммунистов КР,,,0,0,",,,Партия коммунистов КР,,",1,False
Ирсалиев Рахатбек Молдобекович,,,Самовыдвиженец,СДПК,,,0,0,",,Самовыдвиженец,СДПК,,",2,False
Джураев Мурат Каттабекович,,,Самовыдвиженец,СДПК,,,0,0,",,Самовыдвиженец,СДПК,,",2,False
Бешимов Бактыбек Джолчубекович,,,,СДПК,,,0,0,",,,СДПК,,",1,False
Кадыров Кубанычбек Бекбосунович,,,,СДПК,,,0,0,",,,СДПК,,",1,False
Шабатоев Руслан Алымкулович,,,,СДПК,,,0,0,",,,СДПК,,",1,False
Азыранкулов Айбек Джаныбекович,,,,СДПК,,,0,0,",,,СДПК,,",1,False
Отунбаева Роза Исаковна,,,,СДПК,,,0,1,",,,СДПК,,",1,False
Асанакунов Мирбек Аскерович,,,,СДПК,,,0,0,",,,СДПК,,",1,False
Джээнбеков Жусупжан Амражанович,,,,СДПК,,,0,0,",,,СДПК,,",1,False
Мурзубраимов Бектемир,Нет данных,Нет данных,Адилет,,,,0,0,"Нет данных,Нет данных,Адилет,,,",3,False
Эсенаманов Замирбек Садыбакасович,,,Адилет,,,,0,0,",,Адилет,,,",1,False
Торобаев Эргеш Торобаевич,Нет данных,Нет данных,Алга Кыргызстан,,,,0,0,"Нет данных,Нет данных,Алга Кыргызстан,,,",3,False
Марипов Асамидин,,Нет данных,Алга Кыргызстан,,,,0,0,",Нет данных,Алга Кыргызстан,,,",2,False
Сарпашев Тайырбек Дуйшекеевич,,Нет данных,Алга Кыргызстан,,,,0,0,",Нет данных,Алга Кыргызстан,,,",2,False
Керимкулов Айдарбек Темирбекович,,Нет данных,Алга Кыргызстан,,,,0,0,",Нет данных,Алга Кыргызстан,,,",2,False
Оскомбаев Дамир Абдыкеримович,,,Алга Кыргызстан,,,,0,0,",,Алга Кыргызстан,,,",1,False
Абдуллаев Абдурахман Абдусаттарович,,,Алга Кыргызстан,,,,0,0,",,Алга Кыргызстан,,,",1,False
Хакимов Абдумуталип Мирзарахимович,,,Алга Кыргызстан,,,,0,0,",,Алга Кыргызстан,,,",1,False
Момункулов Авасбек,,,Алга Кыргызстан,,,,0,0,",,Алга Кыргызстан,,,",1,False
Абдылдаев Нурдин Туратбекович,,,Алга Кыргызстан,,,,0,0,",,Алга Кыргызстан,,,",1,False
Журавлев Олег Владимирович,,,Алга Кыргызстан,,,,0,0,",,Алга Кыргызстан,,,",1,False
Садырбаев Дооронбек,Нет данных,Нет данных,Ата-Журт,,,,0,0,"Нет данных,Нет данных,Ата-Журт,,,",3,False
Мукашев Муратбек Осмоналиевич,,Нет данных,Ата-Журт,,,,0,0,",Нет данных,Ата-Журт,,,",2,False
Байболов Кубатбек Калбекович,Нет данных,Нет данных,Самовыдвиженец,,,,0,0,"Нет данных,Нет данных,Самовыдвиженец,,,",3,False
Урманаев Султан Исакунович,Нет данных,,Самовыдвиженец,,,,0,0,"Нет данных,,Самовыдвиженец,,,",2,False
Малиев Арсланбек Касымакунович,Нет данных,Нет данных,Самовыдвиженец,,,,0,0,"Нет данных,Нет данных,Самовыдвиженец,,,",3,False
Сабиров Давран Муратович,Нет данных,Нет данных,Самовыдвиженец,,,,0,0,"Нет данных,Нет данных,Самовыдвиженец,,,",3,False
Сариев Темир Аргембаевич,,Нет данных,Самовыдвиженец,,,,0,0,",Нет данных,Самовыдвиженец,,,",2,False
Сатыбалдиев Жанторо Жолдошевич,,,Самовыдвиженец,,,,0,0,",,Самовыдвиженец,,,",1,False
Субанбеков Таалайбек Джамалович,,,Самовыдвиженец,,,,0,0,",,Самовыдвиженец,,,",1,False
Акаев Айдар Аскарович,,,Самовыдвиженец,,,,0,0,",,Самовыдвиженец,,,",1,False
Аркабаев Номанжан Акматович,,,Самовыдвиженец,,,,0,0,",,Самовыдвиженец,,,",1,False
Абдурасулов Ином Эргашевич,,,Самовыдвиженец,,,,0,0,",,Самовыдвиженец,,,",1,False
Эшимканов Мелис Асаналиевич,,,Самовыдвиженец,,,,0,0,",,Самовыдвиженец,,,",1,False
Керексизов Ташкул Джанузакович,,,Самовыдвиженец,,,,0,0,",,Самовыдвиженец,,,",1,False
Арстанбеков Акылбек Советбекович,,,Самовыдвиженец,,,,0,0,",,Самовыдвиженец,,,",1,False
Байсалов Эркин Абдыкадырович,,,Самовыдвиженец,,,,0,0,",,Самовыдвиженец,,,",1,False
Малабаев Муратбек Жеенбекович,,,Самовыдвиженец,,,,0,0,",,Самовыдвиженец,,,",1,False
Мамыров Раимбек Сатыкулович,,,Самовыдвиженец,,,,0,0,",,Самовыдвиженец,,,",1,False
Батыров Кадыржан Алымджанович,,,Самовыдвиженец,,,,0,0,",,Самовыдвиженец,,,",1,False
Марипов Болот Арапбаевич,,,Самовыдвиженец,,,,0,0,",,Самовыдвиженец,,,",1,False
Бекназаров Азимбек Анаркулович,,Нет данных,другое,,,,0,0,",Нет данных,другое,,,",2,False
Абдраимов Туйгунаалы Дуйшеналиевич,Нет данных,,,,,,0,0,"Нет данных,,,,,",1,False
Кадырбеков Адылбек,Нет данных,,,,,,0,0,"Нет данных,,,,,",1,False
Ибраимов Абыт,Нет данных,,,,,,0,0,"Нет данных,,,,,",1,False
Жураев Бурибай Жураевич,Нет данных,Нет данных,,,,,0,0,"Нет данных,Нет данных,,,,",2,False
Жоробеков Жолборс,Нет данных,,,,,,0,0,"Нет данных,,,,,",1,False
Жекшеев Жыпар,Нет данных,,,,,,0,0,"Нет данных,,,,,",1,False
Жалилов Имамберди,Нет данных,,,,,,0,0,"Нет данных,,,,,",1,False
Джангарачева Мира Камилевна,Нет данных,,,,,,0,1,"Нет данных,,,,,",1,False
Гринько Виктор Михайлович,Нет данных,,,,,,0,0,"Нет данных,,,,,",1,False
Гогаев Борис Хамитович,Нет данных,Нет данных,,,,,0,0,"Нет данных,Нет данных,,,,",2,False
Бокошев Жамгырбек,Нет данных,,,,,,0,0,"Нет данных,,,,,",1,False
Качкеев Рыспек Омоевич,Нет данных,,,,,,0,0,"Нет данных,,,,,",1,False
Ачылова Рахат,Нет данных,,,,,,0,1,"Нет данных,,,,,",1,False
Акматбеков Зарылбек,Нет данных,,,,,,0,0,"Нет данных,,,,,",1,False
Адамбеков Доктурбек Адамбекович,Нет данных,,,,,,0,0,"Нет данных,,,,,",1,False
Эрматов Аскарбек Эрматович,Нет данных,Нет данных,,,,,0,0,"Нет данных,Нет данных,,,,",2,False
Эркинбаев Баяман Гавусович,Нет данных,Нет данных,,,,,0,0,"Нет данных,Нет данных,,,,",2,False
Эркебаев Абдыганы,Нет данных,Нет данных,,,,,0,0,"Нет данных,Нет данных,,,,",2,False
Шевелев Владимир Николаевич,Нет данных,,,,,,0,0,"Нет данных,,,,,",1,False
Фаттахов Бахтияржан Азизович,Нет данных,,,,,,0,0,"Нет данных,,,,,",1,False
Усубалиев Турдакун Усубалиевич,Нет данных,Нет данных,,,,,0,0,"Нет данных,Нет данных,,,,",2,False
Мамаюсупов Омурзак Шеранович,Нет данных,,,,,,0,0,"Нет данных,,,,,",1,False
Мукамбаев Усуп,Нет данных,,,,,,0,0,"Нет данных,,,,,",1,False
Дунларов Шабар Манеевич,Нет данных,,,,,,0,0,"Нет данных,,,,,",1,False
Авдеев Валерий Михайлович,Нет данных,,,,,,0,0,"Нет данных,,,,,",1,False
Исмаилов Есен Жумазович,Нет данных,,,,,,0,0,"Нет данных,,,,,",1,False
Акималиев Джамин,Нет данных,,,,,,0,0,"Нет данных,,,,,",1,False
Калмурзаев Марат Исмаилович,Нет данных,,,,,,0,0,"Нет данных,,,,,",1,False
Ибраимов Жумабек Ибраимович,Нет данных,,,,,,0,0,"Нет данных,,,,,",1,False
Идинов Кубанычбек,Нет данных,,,,,,0,0,"Нет данных,,,,,",1,False
Кадырбеков Ишенбай Дюшенбиевич,Нет данных,Нет данных,,,,,0,0,"Нет данных,Нет данных,,,,",2,False
Мамытов Миталип,Нет данных,,,,,,0,0,"Нет данных,,,,,",1,False
Суваналиев Омурбек Исакович,Нет данных,,,,,,0,0,"Нет данных,,,,,",1,False
Джеенбеков Сатывалды Амиражанович,Нет данных,,,,,,0,0,"Нет данных,,,,,",1,False
Молдогазиев Эркинтур,Нет данных,,,,,,0,0,"Нет данных,,,,,",1,False
Шайлиева Токон Асановна,Нет данных,,,,,,0,1,"Нет данных,,,,,",1,False
Чолпонбаев Мукар Шалтакович,Нет данных,,,,,,0,0,"Нет данных,,,,,",1,False
Усенов Данияр Токтогулович,Нет данных,,,,,,0,0,"Нет данных,,,,,",1,False
Сыдыков Шералы Матенович,Нет данных,,,,,,0,0,"Нет данных,,,,,",1,False
Проненко Алевтина Павловна,Нет данных,Нет данных,,,,,0,1,"Нет данных,Нет данных,,,,",2,False
Мусулманкулов Октябрй Кыдырмаевич,Нет данных,,,,,,0,0,"Нет данных,,,,,",1,False
Узакбаев Эмильбек Узакбаевич,Нет данных,,,,,,0,0,"Нет данных,,,,,",1,False
Кудайбердиев Атагельди,Нет данных,,,,,,0,0,"Нет данных,,,,,",1,False
Кочкоров Эсенбай,Нет данных,Нет данных,,,,,0,0,"Нет данных,Нет данных,,,,",2,False
Казакбаев Жалгап Ийманбекович,Нет данных,,,,,,0,0,"Нет данных,,,,,",1,False
Заиров Маматоктор Садырбаевич,Нет данных,,,,,,0,0,"Нет данных,,,,,",1,False
Жээнбеков Сооронбай Шарипович,Нет данных,Нет данных,,,,,0,0,"Нет данных,Нет данных,,,,",2,False
Донобаев Орозалы Дуйшонович,Нет данных,,,,,,0,0,"Нет данных,,,,,",1,False
Диль Валерий Исидорович,Нет данных,Нет данных,,,,,0,0,"Нет данных,Нет данных,,,,",2,False
Воробьев Борис Дмитриевич,Нет данных,,,,,,0,0,"Нет данных,,,,,",1,False
Кудайбергенов Камчыбек,Нет данных,,,,,,0,0,"Нет данных,,,,,",1,False
Асаналев Ганы Бекбоевич,Нет данных,,,,,,0,0,"Нет данных,,,,,",1,False
Алыкулов Тыныбек Маматжанович,Нет данных,,,,,,0,0,"Нет данных,,,,,",1,False
Алыкулов Муканбек Калмаматович,Нет данных,Нет данных,,,,,0,0,"Нет данных,Нет данных,,,,",2,False
Акматбаев Таберик Коноевич,Нет данных,,,,,,0,0,"Нет данных,,,,,",1,False
Акказиев Булат Акунович,Нет данных,,,,,,0,0,"Нет данных,,,,,",1,False
Айтматов Чынгыз Торокулович,Нет данных,,,,,,0,0,"Нет данных,,,,,",1,False
Айбалаев Мамат Марипович,Нет данных,,,,,,0,0,"Нет данных,,,,,",1,False
Абсатаров Абдыкайым Полотович,Нет данных,,,,,,0,0,"Нет данных,,,,,",1,False
Абдуллаев Абдусатар,Нет данных,,,,,,0,0,"Нет данных,,,,,",1,False
Абдылдаев Бакытбек Табылдиевич,Нет данных,,,,,,0,0,"Нет данных,,,,,",1,False
Абдрисаев Бактыбек Дюшенович,Нет данных,,,,,,0,0,"Нет данных,,,,,",1,False
Анаркулов Тургунбай,Нет данных,,,,,,0,0,"Нет данных,,,,,",1,False
Кулмурзаев Тургунбек Насипович,Нет данных,,,,,,0,0,"Нет данных,,,,,",1,False
Мамакеев Мамбет,Нет данных,,,,,,0,0,"Нет данных,,,,,",1,False
Токтомышев Советбек,Нет данных,,,,,,0,0,"Нет данных,,,,,",1,False
Токтоболотов Малабек Анашевич,Нет данных,,,,,,0,0,"Нет данных,,,,,",1,False
Токоев Иса Насыралиевич,Нет данных,Нет данных,,,,,0,0,"Нет данных,Нет данных,,,,",2,False
Тойчубеков Юруслан Жуманович,Нет данных,,,,,,0,0,"Нет данных,,,,,",1,False
Тентиев Дженишбек Абдиевич,Нет данных,,,,,,0,0,"Нет данных,,,,,",1,False
Сыдыков Усен,Нет данных,,,,,,0,0,"Нет данных,,,,,",1,False
Султанов Бекболот Мырзакасымович,Нет данных,,,,,,0,0,"Нет данных,,,,,",1,False
Сарыгулов Дастан Исламович,Нет данных,,,,,,0,0,"Нет данных,,,,,",1,False
Раимкулов Асан,Нет данных,Нет данных,,,,,0,0,"Нет данных,Нет данных,,,,",2,False
Раимбеков Жолдошбек Раимбекович,Нет данных,,,,,,0,0,"Нет данных,,,,,",1,False
Примов Бердибай,Нет данных,,,,,,0,0,"Нет данных,,,,,",1,False
Осмонов Бекмамат,Нет данных,,,,,,0,0,"Нет данных,,,,,",1,False
Нур уулу Досбол,Нет данных,,,,,,0,0,"Нет данных,,,,,",1,False
Матыев Эркинбек Сагыналиевич,Нет данных,,,,,,0,0,"Нет данных,,,,,",1,False
Момуналиев Талгарбек,Нет данных,,,,,,0,0,"Нет данных,,,,,",1,False
Матубраимов Алманбет,Нет данных,,,,,,0,0,"Нет данных,,,,,",1,False
Масалиев Абсамат Масалиевич,Нет данных,Нет данных,,,,,0,0,"Нет данных,Нет данных,,,,",2,False
Марышев Анатолий Никитович,Нет данных,,,,,,0,0,"Нет данных,,,,,",1,False
Тулубердиев Жамалбек Тулебердиевич,Нет данных,,,,,,0,0,"Нет данных,,,,,",1,False
Байкоджоев Болот Мукашевич,Нет данных,Нет данных,,,,,0,0,"Нет данных,Нет данных,,,,",2,False
Абдимомунов Алишер,,Нет данных,,,,,0,0,",Нет данных,,,,",1,False
Исаев Кыдык Шайдинович,,Нет данных,,,,,0,0,",Нет данных,,,,",1,False
Измаилов Аскар Бекматович,,Нет данных,,,,,0,0,",Нет данных,,,,",1,False
Жолчиев Бакир Дыйканович,,Нет данных,,,,,0,0,",Нет данных,,,,",1,False
Васильев Лев Алексеевич,,Нет данных,,,,,0,0,",Нет данных,,,,",1,False
Борубаев Алтай Асылканович,,Нет данных,,,,,0,0,",Нет данных,,,,",1,False
Бакиев Осмонбек Керимбаевич,,Нет данных,,,,,0,0,",Нет данных,,,,",1,False
Калматов Тойгонбай Зикирович,,Нет данных,,,,,0,0,",Нет данных,,,,",1,False
Акулуев Жуман Кемелович,,Нет данных,,,,,0,0,",Нет данных,,,,",1,False
Акаев Асанкул,,Нет данных,,,,,0,0,",Нет данных,,,,",1,False
Абдылдаев Таалайбек Адылбаевич,,Нет данных,,,,,0,0,",Нет данных,,,,",1,False
Чотонов Дуйшенкул Тезекбаевич,,Нет данных,,,,,0,0,",Нет данных,,,,",1,False
Чекиев Турдубек Узакбаевич,,Нет данных,,,,,0,0,",Нет данных,,,,",1,False
Худайбергенов Болот Джузумкулович,,Нет данных,,,,,0,0,",Нет данных,,,,",1,False
Акылбеков Искендер Кадырбекович,,Нет данных,,,,,0,0,",Нет данных,,,,",1,False
Касымов Камбаралы Жолотаевич,,Нет данных,,,,,0,0,",Нет данных,,,,",1,False
Кожомкулов Тулемуш Жапаркулович,,Нет данных,,,,,0,0,",Нет данных,,,,",1,False
Шарипов Курманбек,,Нет данных,,,,,0,0,",Нет данных,,,,",1,False
Турдумамбетов Жолдошбек,,Нет данных,,,,,0,0,",Нет данных,,,,",1,False
Тилебалиев Адылбек Казыбекович,,Нет данных,,,,,0,0,",Нет данных,,,,",1,False
Савицкий Александр Васильевич,,Нет данных,,,,,0,0,",Нет данных,,,,",1,False
Рустенбеков Джаныш Султанкулович,,Нет данных,,,,,0,0,",Нет данных,,,,",1,False
Назаралиев Эсенбай Сейдилдаевич,,Нет данных,,,,,0,0,",Нет данных,,,,",1,False
Морозов Павел Александрович,,Нет данных,,,,,0,0,",Нет данных,,,,",1,False
Медетбеков Шамшыбек Осмонкулович,,Нет данных,,,,,0,0,",Нет данных,,,,",1,False
Маматов Самаган,,Нет данных,,,,,0,0,",Нет данных,,,,",1,False
Маманов Рустам Ырысбаевич,,Нет данных,,,,,0,0,",Нет данных,,,,",1,False
Толоконцев Владимир Григорьевич,,Нет данных,,,,,0,0,",Нет данных,,,,",1,False
Таштанбеков Акбокон Дукенович,,Нет данных,,,,,0,0,",Нет данных,,,,",1,False
Иманкулов Бактыбек Абдыкулович,,Нет данных,,,,,0,0,",Нет данных,,,,",1,False
Дуйшеев Орозбек Дуйшеевич,,Нет данных,,,,,0,0,",Нет данных,,,,",1,False
Булекбаев Эркин Касымович,,Нет данных,,,,,0,0,",Нет данных,,,,",1,False
Алымбеков Бактыбек Маданбекович,,Нет данных,,,,,0,0,",Нет данных,,,,",1,False
Чырмашев Сатывалды Чырмашевич,,Нет данных,,,,,0,0,",Нет данных,,,,",1,False
Бекбоев Бакытбек Сагыналиевич,,Нет данных,,,,,0,0,",Нет данных,,,,",1,False
Асанов Бектур Жантороевич,,Нет данных,,,,,0,0,",Нет данных,,,,",1,False
Алымкулов Карыпбек,,Нет данных,,,,,0,0,",Нет данных,,,,",1,False
Абдурасулова Тажиниса,,Нет данных,,,,,0,1,",Нет данных,,,,",1,False
Боромбаева Токтокан Жолуевна,,Нет данных,,,,,0,1,",Нет данных,,,,",1,False
Султанов Алымбай Алымбекович,,Нет данных,,,,,0,0,",Нет данных,,,,",1,False
Субанов Мырзакан Усурканович,,Нет данных,,,,,0,0,",Нет данных,,,,",1,False
Молдоташев Ишенбай Курманович,,Нет данных,,,,,0,0,",Нет данных,,,,",1,False
Мамбеталиева Асель Усаиновна,,Нет данных,,,,,0,1,",Нет данных,,,,",1,False
Малеваная Оксана Александровна,,Нет данных,,,,,0,1,",Нет данных,,,,",1,False
Лобода Андрей Юрьевич,,Нет данных,,,,,0,0,",Нет данных,,,,",1,False
Кучуков Махмут Мамаевич,,Нет данных,,,,,0,0,",Нет данных,,,,",1,False
Комиссарова Любовь Николаевна,,Нет данных,,,,,0,1,",Нет данных,,,,",1,False
Керимбеков Бакыт Макенович,,Нет данных,,,,,0,0,",Нет данных,,,,",1,False
Карпасов Александр Викторович,,Нет данных,,,,,0,0,",Нет данных,,,,",1,False
Эшенкулов Жениш Жусупбекович,,Нет данных,,,,,0,0,",Нет данных,,,,",1,False
