name,isPartyConstant,partyCount,partyChanger,num,isFemale,isIndependent,isAkjol,isSDPK,isCommunist,isAtameken,isAtajurt,isRepublic,isArnamys,isAlga,isAdilet,isOther,isNodata,isBirbol,isKyrgyzstan,isOnuguu,isRepAtajurt,allParties,sozyv,party,sozyvMisser,idname
Абдиев Курмантай,0,1,0,47,0,0,0,0,0,0,1,0,0,0,0,0,0,0,0,0,0,",,,,Ата-Журт,",5,Ата-Журт,,0
Абдимомунов Алишер,0,1,0,0,0,0,0,0,0,0,0,0,0,0,0,0,1,0,0,0,0,",Нет данных,,,,",2,Нет данных,,1
Абдраимов Туйгунаалы Дуйшеналиевич,0,1,0,0,0,0,0,0,0,0,0,0,0,0,0,0,1,0,0,0,0,"Нет данных,,,,,",1,Нет данных,,2
Абдрисаев Бактыбек Дюшенович,0,1,0,75,0,0,0,0,0,0,0,0,0,0,0,0,1,0,0,0,0,"Нет данных,,,,,",1,Нет данных,,3
Абдуллаев Абдурахман Абдусаттарович,0,1,0,8,0,0,0,0,0,0,0,0,0,1,0,0,0,0,0,0,0,",,Алга Кыргызстан,,,",3,Алга Кыргызстан,,4
Абдуллаев Абдусатар,0,1,0,73,0,0,0,0,0,0,0,0,0,0,0,0,1,0,0,0,0,"Нет данных,,,,,",1,Нет данных,,5
Абдуллаева Чолпон Галийаскеровна,0,1,0,0,1,0,1,0,0,0,0,0,0,0,0,0,0,0,0,0,0,",,,Ак Жол,,",4,Ак Жол,,6
Абдурасулов Ином Эргашевич,0,1,0,42,0,1,0,0,0,0,0,0,0,0,0,0,0,0,0,0,0,",,Самовыдвиженец,,,",3,Самовыдвиженец,,7
Абдурасулова Тажиниса,0,1,0,75,1,0,0,0,0,0,0,0,0,0,0,0,1,0,0,0,0,",Нет данных,,,,",2,Нет данных,,8
Абдыкеримов Шаршенбек Шайлообекович,0,1,0,55,0,0,0,0,0,0,0,0,0,0,0,0,0,0,1,0,0,",,,,,Кыргызстан",6,Кыргызстан,,9
Абдылдаев Бакытбек Табылдиевич,0,1,0,74,0,0,0,0,0,0,0,0,0,0,0,0,1,0,0,0,0,"Нет данных,,,,,",1,Нет данных,,10
Абдылдаев Мыктыбек Юсупович,0,2,1,43,0,0,0,0,0,0,1,0,0,0,0,0,0,1,0,0,0,",,,,Ата-Журт,Бир Бол",5,Ата-Журт,1.0,11
Абдылдаев Мыктыбек Юсупович,0,2,1,16,0,0,0,0,0,0,1,0,0,0,0,0,0,1,0,0,0,",,,,Ата-Журт,Бир Бол",6,Бир Бол,1.0,11
Абдылдаев Нурдин Туратбекович,0,1,0,18,0,0,0,0,0,0,0,0,0,1,0,0,0,0,0,0,0,",,Алга Кыргызстан,,,",3,Алга Кыргызстан,,12
Абдылдаев Таалайбек Адылбаевич,0,1,0,16,0,0,0,0,0,0,0,0,0,0,0,0,1,0,0,0,0,",Нет данных,,,,",2,Нет данных,,13
Абдыраимова Роза Асановна,0,1,0,23,1,0,1,0,0,0,0,0,0,0,0,0,0,0,0,0,0,",,,Ак Жол,,",4,Ак Жол,,14
Абдырасаков Бейшенбек Токтобаевич,0,1,0,22,0,0,1,0,0,0,0,0,0,0,0,0,0,0,0,0,0,",,,Ак Жол,,",4,Ак Жол,,15
Абдырахманов Омурбек,0,1,0,31,0,0,0,0,0,1,0,0,0,0,0,0,0,0,0,0,0,",,,,Ата Мекен,",5,Ата Мекен,,16
Абжалиев Алиярбек Токобекович,0,2,0,40,0,1,0,0,0,0,0,1,0,0,0,0,0,0,0,0,1,",,Самовыдвиженец,,,Республика - Ата Журт",3,Самовыдвиженец,3.0,17
Абжалиев Алиярбек Токобекович,0,2,0,88,0,1,0,0,0,0,0,1,0,0,0,0,0,0,0,0,1,",,Самовыдвиженец,,,Республика - Ата Журт",6,Республика - Ата Журт,3.0,17
Абсатаров Абдыкайым Полотович,0,1,0,72,0,0,0,0,0,0,0,0,0,0,0,0,1,0,0,0,0,"Нет данных,,,,,",1,Нет данных,,18
Авдеев Валерий Михайлович,0,1,0,28,0,0,0,0,0,0,0,0,0,0,0,0,1,0,0,0,0,"Нет данных,,,,,",1,Нет данных,,19
Адамбеков Доктурбек Адамбекович,0,1,0,16,0,0,0,0,0,0,0,0,0,0,0,0,1,0,0,0,0,"Нет данных,,,,,",1,Нет данных,,20
Азыранкулов Айбек Джаныбекович,0,1,0,97,0,0,0,1,0,0,0,0,0,0,0,0,0,0,0,0,0,",,,СДПК,,",4,СДПК,,21
Айбалаев Мамат Марипович,0,1,0,71,0,0,0,0,0,0,0,0,0,0,0,0,1,0,0,0,0,"Нет данных,,,,,",1,Нет данных,,22
Айдаров Нургазы Абдыраевич,0,3,1,15,0,0,1,0,0,0,1,0,0,0,0,0,1,0,0,0,0,",Нет данных,,Ак Жол,Ата-Журт,",2,Нет данных,2.0,23
Айдаров Нургазы Абдыраевич,0,3,1,39,0,0,1,0,0,0,1,0,0,0,0,0,1,0,0,0,0,",Нет данных,,Ак Жол,Ата-Журт,",4,Ак Жол,2.0,23
Айдаров Нургазы Абдыраевич,0,3,1,67,0,0,1,0,0,0,1,0,0,0,0,0,1,0,0,0,0,",Нет данных,,Ак Жол,Ата-Журт,",5,Ата-Журт,2.0,23
Айдаров Салайдин Абдираевич,0,1,0,52,0,0,0,0,0,0,0,0,0,0,0,0,0,0,1,0,0,",,,,,Кыргызстан",6,Кыргызстан,,24
Айнакулов Мухтарбек Айнакулович,0,1,0,114,0,0,0,1,0,0,0,0,0,0,0,0,0,0,0,0,0,",,,,,СДПК",6,СДПК,,25
Айтматов Куштарбек Суюнбаевич,0,1,0,84,0,0,0,0,0,0,0,1,0,0,0,0,0,0,0,0,0,",,,,Республика,",5,Республика,,26
Айтматов Чынгыз Торокулович,0,1,0,70,0,0,0,0,0,0,0,0,0,0,0,0,1,0,0,0,0,"Нет данных,,,,,",1,Нет данных,,27
Айтматова Ширин,0,1,0,27,1,0,0,0,0,1,0,0,0,0,0,0,0,0,0,0,0,",,,,Ата Мекен,",5,Ата Мекен,,28
Акаев Айдар Аскарович,0,1,0,39,0,1,0,0,0,0,0,0,0,0,0,0,0,0,0,0,0,",,Самовыдвиженец,,,",3,Самовыдвиженец,,29
Акаев Асанкул,0,1,0,14,0,0,0,0,0,0,0,0,0,0,0,0,1,0,0,0,0,",Нет данных,,,,",2,Нет данных,,30
Акаев Жанарбек Кубанычович,0,1,0,122,0,0,0,1,0,0,0,0,0,0,0,0,0,0,0,0,0,",,,,,СДПК",6,СДПК,,31
Акималиев Джамин,0,1,0,31,0,0,0,0,0,0,0,0,0,0,0,0,1,0,0,0,0,"Нет данных,,,,,",1,Нет данных,,32
Акказиев Булат Акунович,0,1,0,69,0,0,0,0,0,0,0,0,0,0,0,0,1,0,0,0,0,"Нет данных,,,,,",1,Нет данных,,33
Акматбаев Таберик Коноевич,0,1,0,68,0,0,0,0,0,0,0,0,0,0,0,0,1,0,0,0,0,"Нет данных,,,,,",1,Нет данных,,34
Акматбеков Зарылбек,0,1,0,15,0,0,0,0,0,0,0,0,0,0,0,0,1,0,0,0,0,"Нет данных,,,,,",1,Нет данных,,35
Акматов Алмазбек Жумабекович,0,1,0,23,0,0,0,0,0,0,0,0,0,0,0,0,0,1,0,0,0,",,,,,Бир Бол",6,Бир Бол,,36
Акназарова Роза Корчубековна,0,2,0,65,1,0,0,0,0,0,0,1,0,0,0,0,1,0,0,0,0,",Нет данных,,,Республика,",2,Нет данных,3.0,37
Акназарова Роза Корчубековна,0,2,0,85,1,0,0,0,0,0,0,1,0,0,0,0,1,0,0,0,0,",Нет данных,,,Республика,",5,Республика,3.0,37
Акрамов Эрнаст Хашимович,0,1,0,48,0,0,1,0,0,0,0,0,0,0,0,0,0,0,0,0,0,",,,Ак Жол,,",4,Ак Жол,,38
Акулуев Жуман Кемелович,0,1,0,13,0,0,0,0,0,0,0,0,0,0,0,0,1,0,0,0,0,",Нет данных,,,,",2,Нет данных,,39
Акунов Бейшебек Акунович,0,2,0,74,0,0,0,0,1,0,0,0,0,0,0,0,1,0,0,0,0,",Нет данных,,Партия коммунистов КР,,",2,Нет данных,2.0,40
Акунов Бейшебек Акунович,0,2,0,80,0,0,0,0,1,0,0,0,0,0,0,0,1,0,0,0,0,",Нет данных,,Партия коммунистов КР,,",4,Партия коммунистов КР,2.0,40
Акылбеков Искендер Кадырбекович,0,1,0,23,0,0,0,0,0,0,0,0,0,0,0,0,1,0,0,0,0,",Нет данных,,,,",2,Нет данных,,41
Алимбеков Нурбек Каарыевич,0,2,1,92,0,0,0,0,0,0,0,1,0,0,0,0,0,0,1,0,0,",,,,Республика,Кыргызстан",5,Республика,1.0,42
Алимбеков Нурбек Каарыевич,0,2,1,32,0,0,0,0,0,0,0,1,0,0,0,0,0,0,1,0,0,",,,,Республика,Кыргызстан",6,Кыргызстан,1.0,42
Алтыбаева Айнура Тойчиевна,0,2,1,21,1,0,0,1,0,0,0,0,1,0,0,0,0,0,0,0,0,",,,,Ар-Намыс,СДПК",5,Ар-Намыс,1.0,43
Алтыбаева Айнура Тойчиевна,0,2,1,142,1,0,0,1,0,0,0,0,1,0,0,0,0,0,0,0,0,",,,,Ар-Намыс,СДПК",6,СДПК,1.0,43
Алтынбеков Айбек,0,1,0,80,0,0,0,0,0,0,0,1,0,0,0,0,0,0,0,0,1,",,,,,Республика - Ата Журт",6,Республика - Ата Журт,,44
Алыбаев Орозбек Артельевич,0,1,0,41,0,0,0,0,0,0,0,0,0,0,0,0,0,0,1,0,0,",,,,,Кыргызстан",6,Кыргызстан,,45
Алыкулов Муканбек Калмаматович,0,2,0,67,0,0,0,0,0,0,0,0,0,0,0,0,1,0,0,0,0,"Нет данных,Нет данных,,,,",1,Нет данных,1.0,46
Алыкулов Муканбек Калмаматович,0,2,0,12,0,0,0,0,0,0,0,0,0,0,0,0,1,0,0,0,0,"Нет данных,Нет данных,,,,",2,Нет данных,1.0,46
Алыкулов Тыныбек Маматжанович,0,1,0,66,0,0,0,0,0,0,0,0,0,0,0,0,1,0,0,0,0,"Нет данных,,,,,",1,Нет данных,,47
Алымбеков Бактыбек Маданбекович,0,1,0,62,0,0,0,0,0,0,0,0,0,0,0,0,1,0,0,0,0,",Нет данных,,,,",2,Нет данных,,48
Алымбеков Замирбек Маданбекович,0,1,0,110,0,0,0,1,0,0,0,0,0,0,0,0,0,0,0,0,0,",,,,СДПК,",5,СДПК,,49
Алымбеков Эркинбек Джумабаевич,0,2,0,36,0,1,0,0,0,1,0,0,0,0,0,0,0,0,0,0,0,",,Самовыдвиженец,,Ата Мекен,",3,Самовыдвиженец,2.0,50
Алымбеков Эркинбек Джумабаевич,0,2,0,37,0,1,0,0,0,1,0,0,0,0,0,0,0,0,0,0,0,",,Самовыдвиженец,,Ата Мекен,",5,Ата Мекен,2.0,50
Алымкулов Карыпбек,0,1,0,73,0,0,0,0,0,0,0,0,0,0,0,0,1,0,0,0,0,",Нет данных,,,,",2,Нет данных,,51
Аманбаева Урулкан Абдилашимовна,0,1,0,71,1,0,0,0,0,0,0,1,0,0,0,0,0,0,0,0,0,",,,,Республика,",5,Республика,,52
Аманкулов Марат Аскерович,0,1,0,136,0,0,0,1,0,0,0,0,0,0,0,0,0,0,0,0,0,",,,,,СДПК",6,СДПК,,53
Анаркулов Тургунбай,0,1,0,76,0,0,0,0,0,0,0,0,0,0,0,0,1,0,0,0,0,"Нет данных,,,,,",1,Нет данных,,54
Арабаев Автандил Анисович,0,1,0,47,0,0,1,0,0,0,0,0,0,0,0,0,0,0,0,0,0,",,,Ак Жол,,",4,Ак Жол,,55
Арапбаев Азамат Абдуллажанович,0,3,1,46,0,0,1,1,0,0,1,0,0,0,0,0,0,0,0,0,0,",,,Ак Жол,Ата-Журт,СДПК",4,Ак Жол,1.0,56
Арапбаев Азамат Абдуллажанович,0,3,1,70,0,0,1,1,0,0,1,0,0,0,0,0,0,0,0,0,0,",,,Ак Жол,Ата-Журт,СДПК",5,Ата-Журт,1.0,56
Арапбаев Азамат Абдуллажанович,0,3,1,138,0,0,1,1,0,0,1,0,0,0,0,0,0,0,0,0,0,",,,Ак Жол,Ата-Журт,СДПК",6,СДПК,1.0,56
Арипов Назарали Турдалиевич,0,1,0,75,0,0,0,0,0,0,0,1,0,0,0,0,0,0,0,0,0,",,,,Республика,",5,Республика,,57
Аркабаев Номанжан Акматович,0,1,0,41,0,1,0,0,0,0,0,0,0,0,0,0,0,0,0,0,0,",,Самовыдвиженец,,,",3,Самовыдвиженец,,58
Арсалиев Эрик Сайдалиевич,0,1,0,45,0,0,1,0,0,0,0,0,0,0,0,0,0,0,0,0,0,",,,Ак Жол,,",4,Ак Жол,,59
Арстанбеков Акылбек Советбекович,0,1,0,54,0,1,0,0,0,0,0,0,0,0,0,0,0,0,0,0,0,",,Самовыдвиженец,,,",3,Самовыдвиженец,,60
Артыкбаев Осмонбек Мамбетжанович,0,3,1,21,0,0,0,1,0,0,0,0,0,1,0,0,0,0,0,0,0,",,Алга Кыргызстан,СДПК,,СДПК",3,Алга Кыргызстан,2.0,61
Артыкбаев Осмонбек Мамбетжанович,0,3,1,96,0,0,0,1,0,0,0,0,0,1,0,0,0,0,0,0,0,",,Алга Кыргызстан,СДПК,,СДПК",4,СДПК,2.0,61
Артыкбаев Осмонбек Мамбетжанович,0,3,1,125,0,0,0,1,0,0,0,0,0,1,0,0,0,0,0,0,0,",,Алга Кыргызстан,СДПК,,СДПК",6,СДПК,2.0,61
Артыков Анвар Артыкович,0,3,1,14,0,0,0,1,0,0,0,0,1,0,0,0,1,0,0,0,0,"Нет данных,,,,Ар-Намыс,СДПК",1,Нет данных,4.0,62
Артыков Анвар Артыкович,0,3,1,15,0,0,0,1,0,0,0,0,1,0,0,0,1,0,0,0,0,"Нет данных,,,,Ар-Намыс,СДПК",5,Ар-Намыс,4.0,62
Артыков Анвар Артыкович,0,3,1,113,0,0,0,1,0,0,0,0,1,0,0,0,1,0,0,0,0,"Нет данных,,,,Ар-Намыс,СДПК",6,СДПК,4.0,62
Асанакунов Мирбек Аскерович,0,1,0,100,0,0,0,1,0,0,0,0,0,0,0,0,0,0,0,0,0,",,,СДПК,,",4,СДПК,,63
Асаналев Ганы Бекбоевич,0,1,0,65,0,0,0,0,0,0,0,0,0,0,0,0,1,0,0,0,0,"Нет данных,,,,,",1,Нет данных,,64
Асанов Бектур Жантороевич,0,1,0,72,0,0,0,0,0,0,0,0,0,0,0,0,1,0,0,0,0,",Нет данных,,,,",2,Нет данных,,65
Асанов Курсан Сатарович,0,1,0,105,0,0,0,1,0,0,0,0,0,0,0,0,0,0,0,0,0,",,,,СДПК,",5,СДПК,,66
Аскарова Айнура Алмасбековна,0,1,0,43,1,0,0,0,0,0,0,0,0,0,0,0,0,0,1,0,0,",,,,,Кыргызстан",6,Кыргызстан,,67
Асылбаева Гюльшат Кадыровна,0,1,0,61,1,0,0,0,0,0,0,0,0,0,0,0,0,0,0,1,0,",,,,,Онугуу-Прогресс",6,Онугуу-Прогресс,,68
Асылбек уулу Дамирбек,0,2,1,73,0,0,1,0,0,0,0,0,0,0,0,0,0,0,1,0,0,",,,Ак Жол,,Кыргызстан",4,Ак Жол,2.0,69
Асылбек уулу Дамирбек,0,2,1,54,0,0,1,0,0,0,0,0,0,0,0,0,0,0,1,0,0,",,,Ак Жол,,Кыргызстан",6,Кыргызстан,2.0,69
Асымбекова Гульнара Уметовна,0,1,0,13,1,0,0,0,0,0,0,0,1,0,0,0,0,0,0,0,0,",,,,Ар-Намыс,",5,Ар-Намыс,,70
Атаджанов Сабир Садыкджанович,0,1,0,112,0,0,0,1,0,0,0,0,0,0,0,0,0,0,0,0,0,",,,,СДПК,",5,СДПК,,71
Атамбаев Алмазбек Шаршенович,0,2,0,63,0,0,0,1,0,0,0,0,0,0,0,0,1,0,0,0,0,"Нет данных,,,,СДПК,",1,Нет данных,4.0,72
Атамбаев Алмазбек Шаршенович,0,2,0,116,0,0,0,1,0,0,0,0,0,0,0,0,1,0,0,0,0,"Нет данных,,,,СДПК,",5,СДПК,4.0,72
Атамбаев Нурпазыл Сатышович,0,1,0,44,0,0,1,0,0,0,0,0,0,0,0,0,0,0,0,0,0,",,,Ак Жол,,",4,Ак Жол,,73
Аттокуров Данияр Бексултанович,0,1,0,119,0,0,0,1,0,0,0,0,0,0,0,0,0,0,0,0,0,",,,,,СДПК",6,СДПК,,74
Аттокуров Осмонали Абдибалиевич,0,1,0,43,0,0,1,0,0,0,0,0,0,0,0,0,0,0,0,0,0,",,,Ак Жол,,",4,Ак Жол,,75
Ачылова Рахат,0,1,0,13,1,0,0,0,0,0,0,0,0,0,0,0,1,0,0,0,0,"Нет данных,,,,,",1,Нет данных,,76
Баатырбеков Алмазбек Баатырбекович,0,2,1,91,0,0,0,0,0,0,0,1,0,0,0,0,0,0,1,0,0,",,,,Республика,Кыргызстан",5,Республика,1.0,77
Баатырбеков Алмазбек Баатырбекович,0,2,1,39,0,0,0,0,0,0,0,1,0,0,0,0,0,0,1,0,0,",,,,Республика,Кыргызстан",6,Кыргызстан,1.0,77
Бабанов Омурбек Токтогулович,1,3,0,30,0,1,0,0,0,0,0,1,0,0,0,0,0,0,0,0,1,",,Самовыдвиженец,,Республика,Республика - Ата Журт",3,Самовыдвиженец,2.0,78
Бабанов Омурбек Токтогулович,1,3,0,93,0,1,0,0,0,0,0,1,0,0,0,0,0,0,0,0,1,",,Самовыдвиженец,,Республика,Республика - Ата Журт",5,Республика,2.0,78
Бабанов Омурбек Токтогулович,1,3,0,89,0,1,0,0,0,0,0,1,0,0,0,0,0,0,0,0,1,",,Самовыдвиженец,,Республика,Республика - Ата Журт",6,Республика - Ата Журт,2.0,78
Бадыкеева Нуржана Нуралиевна,0,1,0,5,1,0,0,0,0,0,0,0,1,0,0,0,0,0,0,0,0,",,,,Ар-Намыс,",5,Ар-Намыс,,79
Баекова Чолпон Турсуновна,0,1,0,42,1,0,1,0,0,0,0,0,0,0,0,0,0,0,0,0,0,",,,Ак Жол,,",4,Ак Жол,,80
Базаркулова Гульмира Мукашевна,0,1,0,74,1,0,1,0,0,0,0,0,0,0,0,0,0,0,0,0,0,",,,Ак Жол,,",4,Ак Жол,,81
Байбакпаев Экмат Джурукпаевич,0,1,0,90,0,0,0,0,0,0,0,1,0,0,0,0,0,0,0,0,1,",,,,,Республика - Ата Журт",6,Республика - Ата Журт,,82
Байболов Кубатбек Калбекович,0,3,0,23,0,1,0,0,0,0,0,0,0,0,0,0,1,0,0,0,0,"Нет данных,Нет данных,Самовыдвиженец,,,",1,Нет данных,1.0,83
Байболов Кубатбек Калбекович,0,3,0,71,0,1,0,0,0,0,0,0,0,0,0,0,1,0,0,0,0,"Нет данных,Нет данных,Самовыдвиженец,,,",2,Нет данных,1.0,83
Байболов Кубатбек Калбекович,0,3,0,27,0,1,0,0,0,0,0,0,0,0,0,0,1,0,0,0,0,"Нет данных,Нет данных,Самовыдвиженец,,,",3,Самовыдвиженец,1.0,83
Байбураева Айгуль Бекишовна,0,1,0,49,1,0,1,0,0,0,0,0,0,0,0,0,0,0,0,0,0,",,,Ак Жол,,",4,Ак Жол,,84
Байкоджоев Болот Мукашевич,0,2,0,104,0,0,0,0,0,0,0,0,0,0,0,0,1,0,0,0,0,"Нет данных,Нет данных,,,,",1,Нет данных,1.0,85
Байкоджоев Болот Мукашевич,0,2,0,10,0,0,0,0,0,0,0,0,0,0,0,0,1,0,0,0,0,"Нет данных,Нет данных,,,,",2,Нет данных,1.0,85
Байло Николай Иванович,0,2,0,70,0,0,0,0,1,0,0,0,0,0,0,0,1,0,0,0,0,",Нет данных,,Партия коммунистов КР,,",2,Нет данных,2.0,86
Байло Николай Иванович,0,2,0,83,0,0,0,0,1,0,0,0,0,0,0,0,1,0,0,0,0,",Нет данных,,Партия коммунистов КР,,",4,Партия коммунистов КР,2.0,86
Баймуратов Калдарбек Шакирович,0,1,0,69,0,0,0,0,0,0,0,1,0,0,0,0,0,0,0,0,1,",,,,,Республика - Ата Журт",6,Республика - Ата Журт,,87
Байсалов Эркин Абдыкадырович,0,1,0,56,0,1,0,0,0,0,0,0,0,0,0,0,0,0,0,0,0,",,Самовыдвиженец,,,",3,Самовыдвиженец,,88
Байтиков Асанбек Байдолотович,0,1,0,51,0,0,1,0,0,0,0,0,0,0,0,0,0,0,0,0,0,",,,Ак Жол,,",4,Ак Жол,,89
Бакиев Осмонбек Керимбаевич,0,1,0,9,0,0,0,0,0,0,0,0,0,0,0,0,1,0,0,0,0,",Нет данных,,,,",2,Нет данных,,90
Бакир уулу Турсунбай,0,3,0,12,0,0,0,0,0,0,0,0,1,0,0,0,1,0,0,0,0,"Нет данных,Нет данных,,,Ар-Намыс,",1,Нет данных,3.0,91
Бакир уулу Турсунбай,0,3,0,69,0,0,0,0,0,0,0,0,1,0,0,0,1,0,0,0,0,"Нет данных,Нет данных,,,Ар-Намыс,",2,Нет данных,3.0,91
Бакир уулу Турсунбай,0,3,0,17,0,0,0,0,0,0,0,0,1,0,0,0,1,0,0,0,0,"Нет данных,Нет данных,,,Ар-Намыс,",5,Ар-Намыс,3.0,91
Бакиров Мирлан Исакбекович,0,2,1,76,0,0,0,0,0,0,0,1,0,0,0,0,0,0,0,1,0,",,,,Республика,Онугуу-Прогресс",5,Республика,1.0,92
Бакиров Мирлан Исакбекович,0,2,1,56,0,0,0,0,0,0,0,1,0,0,0,0,0,0,0,1,0,",,,,Республика,Онугуу-Прогресс",6,Онугуу-Прогресс,1.0,92
Бакиров Омурбек Мирзараимович,0,1,0,128,0,0,0,1,0,0,0,0,0,0,0,0,0,0,0,0,0,",,,,,СДПК",6,СДПК,,93
Бакчиев Джаныбек Абдукапарович,0,1,0,27,0,0,0,0,0,0,0,0,0,0,0,0,0,1,0,0,0,",,,,,Бир Бол",6,Бир Бол,,94
Балтабаев Ташболот,0,2,0,68,0,0,0,0,0,1,0,0,0,0,0,0,1,0,0,0,0,",Нет данных,,,Ата Мекен,",2,Нет данных,3.0,95
Балтабаев Ташболот,0,2,0,36,0,0,0,0,0,1,0,0,0,0,0,0,1,0,0,0,0,",Нет данных,,,Ата Мекен,",5,Ата Мекен,3.0,95
Батыров Кадыржан Алымджанович,0,1,0,66,0,1,0,0,0,0,0,0,0,0,0,0,0,0,0,0,0,",,Самовыдвиженец,,,",3,Самовыдвиженец,,96
Бекбоев Бакытбек Сагыналиевич,0,1,0,67,0,0,0,0,0,0,0,0,0,0,0,0,1,0,0,0,0,",Нет данных,,,,",2,Нет данных,,97
Бекбоев Замир Исакович,0,1,0,2,0,0,0,0,0,0,0,0,1,0,0,0,0,0,0,0,0,",,,,Ар-Намыс,",5,Ар-Намыс,,98
Бекенова Зулхабира,0,1,0,70,1,0,1,0,0,0,0,0,0,0,0,0,0,0,0,0,0,",,,Ак Жол,,",4,Ак Жол,,99
Бекешев Дастан Далабайевич,0,2,1,11,0,0,0,1,0,0,0,0,1,0,0,0,0,0,0,0,0,",,,,Ар-Намыс,СДПК",5,Ар-Намыс,1.0,100
Бекешев Дастан Далабайевич,0,2,1,139,0,0,0,1,0,0,0,0,1,0,0,0,0,0,0,0,0,",,,,Ар-Намыс,СДПК",6,СДПК,1.0,100
Бекматов Абдыжапар Гапырович,0,1,0,81,0,0,0,0,0,0,0,1,0,0,0,0,0,0,0,0,0,",,,,Республика,",5,Республика,,101
Бекназаров Азимбек Анаркулович,0,2,0,66,0,0,0,0,0,0,0,0,0,0,0,1,1,0,0,0,0,",Нет данных,другое,,,",2,Нет данных,1.0,102
Бекназаров Азимбек Анаркулович,0,2,0,71,0,0,0,0,0,0,0,0,0,0,0,1,1,0,0,0,0,",Нет данных,другое,,,",3,другое,1.0,102
Бешимбаева Айгерим Кабылбековна,0,1,0,105,1,0,0,0,0,0,0,1,0,0,0,0,0,0,0,0,1,",,,,,Республика - Ата Журт",6,Республика - Ата Журт,,103
Бешимов Бактыбек Джолчубекович,0,1,0,89,0,0,0,1,0,0,0,0,0,0,0,0,0,0,0,0,0,",,,СДПК,,",4,СДПК,,104
Бокоев Кенжебек Сатымкулович,1,2,0,79,0,0,0,0,0,0,0,1,0,0,0,0,0,0,0,0,1,",,,,Республика,Республика - Ата Журт",5,Республика,1.0,105
Бокоев Кенжебек Сатымкулович,1,2,0,71,0,0,0,0,0,0,0,1,0,0,0,0,0,0,0,0,1,",,,,Республика,Республика - Ата Журт",6,Республика - Ата Журт,1.0,105
Бокошев Жамгырбек,0,1,0,10,0,0,0,0,0,0,0,0,0,0,0,0,1,0,0,0,0,"Нет данных,,,,,",1,Нет данных,,106
Боромбаева Токтокан Жолуевна,0,1,0,76,1,0,0,0,0,0,0,0,0,0,0,0,1,0,0,0,0,",Нет данных,,,,",2,Нет данных,,107
Борубаев Алтай Асылканович,0,1,0,8,0,0,0,0,0,0,0,0,0,0,0,0,1,0,0,0,0,",Нет данных,,,,",2,Нет данных,,108
Булекбаев Эркин Касымович,0,1,0,60,0,0,0,0,0,0,0,0,0,0,0,0,1,0,0,0,0,",Нет данных,,,,",2,Нет данных,,109
Бурканов Арзыбек Орозматович,0,2,1,19,0,0,1,0,0,0,0,0,0,1,0,0,0,0,0,0,0,",,Алга Кыргызстан,Ак Жол,,",3,Алга Кыргызстан,1.0,110
Бурканов Арзыбек Орозматович,0,2,1,52,0,0,1,0,0,0,0,0,0,1,0,0,0,0,0,0,0,",,Алга Кыргызстан,Ак Жол,,",4,Ак Жол,1.0,110
Бурханов Авдикаримходжа Ходжаевич,0,1,0,69,0,0,1,0,0,0,0,0,0,0,0,0,0,0,0,0,0,",,,Ак Жол,,",4,Ак Жол,,111
Васильев Лев Алексеевич,0,1,0,7,0,0,0,0,0,0,0,0,0,0,0,0,1,0,0,0,0,",Нет данных,,,,",2,Нет данных,,112
Воробьев Борис Дмитриевич,0,1,0,62,0,0,0,0,0,0,0,0,0,0,0,0,1,0,0,0,0,"Нет данных,,,,,",1,Нет данных,,113
Гайпкулов Искандер Торобаевич,0,1,0,9,0,0,0,0,0,1,0,0,0,0,0,0,0,0,0,0,0,",,,,,Ата Мекен",6,Ата Мекен,,114
Гогаев Борис Хамитович,0,2,0,9,0,0,0,0,0,0,0,0,0,0,0,0,1,0,0,0,0,"Нет данных,Нет данных,,,,",1,Нет данных,1.0,115
Гогаев Борис Хамитович,0,2,0,59,0,0,0,0,0,0,0,0,0,0,0,0,1,0,0,0,0,"Нет данных,Нет данных,,,,",2,Нет данных,1.0,115
Гринько Виктор Михайлович,0,1,0,8,0,0,0,0,0,0,0,0,0,0,0,0,1,0,0,0,0,"Нет данных,,,,,",1,Нет данных,,116
Гусаров Игорь Константинович,0,1,0,0,0,0,0,0,0,0,0,0,1,0,0,0,0,0,0,0,0,",,,,Ар-Намыс,",5,Ар-Намыс,,117
Данилов Юрий Анатольевич,0,2,0,63,0,1,1,0,0,0,0,0,0,0,0,0,0,0,0,0,0,",,Самовыдвиженец,Ак Жол,,",3,Самовыдвиженец,1.0,118
Данилов Юрий Анатольевич,0,2,0,68,0,1,1,0,0,0,0,0,0,0,0,0,0,0,0,0,0,",,Самовыдвиженец,Ак Жол,,",4,Ак Жол,1.0,118
Дербишева Гульнара Толубаевна,0,1,0,67,1,0,1,0,0,0,0,0,0,0,0,0,0,0,0,0,0,",,,Ак Жол,,",4,Ак Жол,,119
Джакупова Чолпон Идиновна,0,1,0,28,1,0,0,0,0,0,0,0,0,0,0,0,0,1,0,0,0,",,,,,Бир Бол",6,Бир Бол,,120
Джангарачева Мира Камилевна,0,1,0,7,1,0,0,0,0,0,0,0,0,0,0,0,1,0,0,0,0,"Нет данных,,,,,",1,Нет данных,,121
Джеенбеков Сатывалды Амиражанович,0,1,0,39,0,0,0,0,0,0,0,0,0,0,0,0,1,0,0,0,0,"Нет данных,,,,,",1,Нет данных,,122
Джетигенов Бакытбек Дженишбекович,0,2,1,4,0,0,0,1,0,0,0,0,1,0,0,0,0,0,0,0,0,",,,,Ар-Намыс,СДПК",5,Ар-Намыс,1.0,123
Джетигенов Бакытбек Дженишбекович,0,2,1,140,0,0,0,1,0,0,0,0,1,0,0,0,0,0,0,0,0,",,,,Ар-Намыс,СДПК",6,СДПК,1.0,123
Джолдошев Кубанычбек Ниязович,0,2,0,56,0,0,1,0,0,0,0,0,0,0,0,0,1,0,0,0,0,",Нет данных,,Ак Жол,,",2,Нет данных,2.0,124
Джолдошев Кубанычбек Ниязович,0,2,0,66,0,0,1,0,0,0,0,0,0,0,0,0,1,0,0,0,0,",Нет данных,,Ак Жол,,",4,Ак Жол,2.0,124
Джолдошова Жылдызкан Айтибаевна,0,1,0,64,1,0,0,0,0,0,1,0,0,0,0,0,0,0,0,0,0,",,,,Ата-Журт,",5,Ата-Журт,,125
Джумабеков Дастанбек Артисбекович,0,2,1,63,0,0,0,0,0,0,1,0,0,0,0,0,0,0,1,0,0,",,,,Ата-Журт,Кыргызстан",5,Ата-Журт,1.0,126
Джумабеков Дастанбек Артисбекович,0,2,1,50,0,0,0,0,0,0,1,0,0,0,0,0,0,0,1,0,0,",,,,Ата-Журт,Кыргызстан",6,Кыргызстан,1.0,126
Джумалиева Эльмира Бусурманкуловна,0,1,0,74,1,0,0,0,0,0,0,1,0,0,0,0,0,0,0,0,0,",,,,Республика,",5,Республика,,127
Джунусов Ибрагим Коджоназарович,0,2,1,65,0,0,1,0,0,0,1,0,0,0,0,0,0,0,0,0,0,",,,Ак Жол,Ата-Журт,",4,Ак Жол,1.0,128
Джунусов Ибрагим Коджоназарович,0,2,1,44,0,0,1,0,0,0,1,0,0,0,0,0,0,0,0,0,0,",,,Ак Жол,Ата-Журт,",5,Ата-Журт,1.0,128
Джураев Мурат Каттабекович,0,2,0,61,0,1,0,1,0,0,0,0,0,0,0,0,0,0,0,0,0,",,Самовыдвиженец,СДПК,,",3,Самовыдвиженец,1.0,129
Джураев Мурат Каттабекович,0,2,0,103,0,1,0,1,0,0,0,0,0,0,0,0,0,0,0,0,0,",,Самовыдвиженец,СДПК,,",4,СДПК,1.0,129
Джураев Сайдолимжон Маруфович,0,1,0,132,0,0,0,1,0,0,0,0,0,0,0,0,0,0,0,0,0,",,,,,СДПК",6,СДПК,,130
Джээнбеков Жусупжан Амражанович,0,1,0,102,0,0,0,1,0,0,0,0,0,0,0,0,0,0,0,0,0,",,,СДПК,,",4,СДПК,,131
Диль Валерий Исидорович,0,2,0,61,0,0,0,0,0,0,0,0,0,0,0,0,1,0,0,0,0,"Нет данных,Нет данных,,,,",1,Нет данных,1.0,132
Диль Валерий Исидорович,0,2,0,6,0,0,0,0,0,0,0,0,0,0,0,0,1,0,0,0,0,"Нет данных,Нет данных,,,,",2,Нет данных,1.0,132
Домшенко Олег Леонидович,0,1,0,103,0,0,0,1,0,0,0,0,0,0,0,0,0,0,0,0,0,",,,,СДПК,",5,СДПК,,133
Донобаев Орозалы Дуйшонович,0,1,0,60,0,0,0,0,0,0,0,0,0,0,0,0,1,0,0,0,0,"Нет данных,,,,,",1,Нет данных,,134
Досалиев Акуналы Атамурзаевич,0,1,0,42,0,0,0,0,0,1,0,0,0,0,0,0,0,0,0,0,0,",,,,Ата Мекен,",5,Ата Мекен,,135
Дуйшеев Орозбек Дуйшеевич,0,1,0,58,0,0,0,0,0,0,0,0,0,0,0,0,1,0,0,0,0,",Нет данных,,,,",2,Нет данных,,136
Дунларов Шабар Манеевич,0,1,0,27,0,0,0,0,0,0,0,0,0,0,0,0,1,0,0,0,0,"Нет данных,,,,,",1,Нет данных,,137
Дюшалиев Абдыбек Кашымбекович,0,1,0,84,0,0,0,0,0,0,0,1,0,0,0,0,0,0,0,0,1,",,,,,Республика - Ата Журт",6,Республика - Ата Журт,,138
Жакыпов Жолдошбек Сейталиевич,0,1,0,64,0,0,1,0,0,0,0,0,0,0,0,0,0,0,0,0,0,",,,Ак Жол,,",4,Ак Жол,,139
Жалилов Имамберди,0,1,0,6,0,0,0,0,0,0,0,0,0,0,0,0,1,0,0,0,0,"Нет данных,,,,,",1,Нет данных,,140
Жамалдинов Зиядин Исламович,0,3,1,59,0,1,1,0,0,0,0,0,0,0,0,0,0,0,0,1,0,",,Самовыдвиженец,Ак Жол,,Онугуу-Прогресс",3,Самовыдвиженец,2.0,141
Жамалдинов Зиядин Исламович,0,3,1,63,0,1,1,0,0,0,0,0,0,0,0,0,0,0,0,1,0,",,Самовыдвиженец,Ак Жол,,Онугуу-Прогресс",4,Ак Жол,2.0,141
Жамалдинов Зиядин Исламович,0,3,1,64,0,1,1,0,0,0,0,0,0,0,0,0,0,0,0,1,0,",,Самовыдвиженец,Ак Жол,,Онугуу-Прогресс",6,Онугуу-Прогресс,2.0,141
Жамангулов Акылбек Жекшенович,0,1,0,83,0,0,0,0,0,0,0,1,0,0,0,0,0,0,0,0,1,",,,,,Республика - Ата Журт",6,Республика - Ата Журт,,142
Жамгырчиева Гульнара Оморовна,0,1,0,109,1,0,0,1,0,0,0,0,0,0,0,0,0,0,0,0,0,",,,,СДПК,",5,СДПК,,143
Жапаров Акылбек Усенбекович,0,3,1,57,0,0,0,0,0,0,0,0,1,0,0,0,1,1,0,0,0,",Нет данных,,,Ар-Намыс,Бир Бол",2,Нет данных,3.0,144
Жапаров Акылбек Усенбекович,0,3,1,19,0,0,0,0,0,0,0,0,1,0,0,0,1,1,0,0,0,",Нет данных,,,Ар-Намыс,Бир Бол",5,Ар-Намыс,3.0,144
Жапаров Акылбек Усенбекович,0,3,1,21,0,0,0,0,0,0,0,0,1,0,0,0,1,1,0,0,0,",Нет данных,,,Ар-Намыс,Бир Бол",6,Бир Бол,3.0,144
Жапаров Садыр Нургожоевич,0,2,0,53,0,1,0,0,0,0,1,0,0,0,0,0,0,0,0,0,0,",,Самовыдвиженец,,Ата-Журт,",3,Самовыдвиженец,2.0,145
Жапаров Садыр Нургожоевич,0,2,0,55,0,1,0,0,0,0,1,0,0,0,0,0,0,0,0,0,0,",,Самовыдвиженец,,Ата-Журт,",5,Ата-Журт,2.0,145
Жеенчороев Мирлан Канатбекович,0,1,0,78,0,0,0,0,0,0,0,1,0,0,0,0,0,0,0,0,1,",,,,,Республика - Ата Журт",6,Республика - Ата Журт,,146
Жекшеев Жыпар,0,1,0,5,0,0,0,0,0,0,0,0,0,0,0,0,1,0,0,0,0,"Нет данных,,,,,",1,Нет данных,,147
Жолдошбаев Камчыбек Жолдошбаевич,0,2,1,0,0,0,0,0,0,0,0,0,0,0,1,0,0,0,0,1,0,",,Адилет,,,Онугуу-Прогресс",3,Адилет,3.0,148
Жолдошбаев Камчыбек Жолдошбаевич,0,2,1,62,0,0,0,0,0,0,0,0,0,0,1,0,0,0,0,1,0,",,Адилет,,,Онугуу-Прогресс",6,Онугуу-Прогресс,3.0,148
Жолчиев Бакир Дыйканович,0,1,0,5,0,0,0,0,0,0,0,0,0,0,0,0,1,0,0,0,0,",Нет данных,,,,",2,Нет данных,,149
Жоошбеков Заирбек Сулайманович,0,1,0,95,0,0,0,1,0,0,0,0,0,0,0,0,0,0,0,0,0,",,,,СДПК,",5,СДПК,,150
Жоробеков Жолборс,0,1,0,4,0,0,0,0,0,0,0,0,0,0,0,0,1,0,0,0,0,"Нет данных,,,,,",1,Нет данных,,151
Жоробеков Тариел Улукбекович,0,1,0,85,0,0,0,0,0,0,0,1,0,0,0,0,0,0,0,0,1,",,,,,Республика - Ата Журт",6,Республика - Ата Журт,,152
Жумабекова Турдукан Абдыкарыевна,0,1,0,62,1,0,1,0,0,0,0,0,0,0,0,0,0,0,0,0,0,",,,Ак Жол,,",4,Ак Жол,,153
Жумалиев Кубанычбек Мырзабекович,0,1,0,14,0,0,0,0,0,0,0,0,0,0,0,0,0,1,0,0,0,",,,,,Бир Бол",6,Бир Бол,,154
Жунус уулу Адыл,0,1,0,82,0,0,0,0,0,0,0,1,0,0,0,0,0,0,0,0,1,",,,,,Республика - Ата Журт",6,Республика - Ата Журт,,155
Жунус уулу Алтынбек,0,1,0,63,0,0,0,0,0,0,0,0,0,0,0,0,0,0,0,1,0,",,,,,Онугуу-Прогресс",6,Онугуу-Прогресс,,156
Журавлев Олег Владимирович,0,1,0,20,0,0,0,0,0,0,0,0,0,1,0,0,0,0,0,0,0,",,Алга Кыргызстан,,,",3,Алга Кыргызстан,,157
Жураев Бурибай Жураевич,0,2,0,3,0,0,0,0,0,0,0,0,0,0,0,0,1,0,0,0,0,"Нет данных,Нет данных,,,,",1,Нет данных,1.0,158
Жураев Бурибай Жураевич,0,2,0,55,0,0,0,0,0,0,0,0,0,0,0,0,1,0,0,0,0,"Нет данных,Нет данных,,,,",2,Нет данных,1.0,158
Жутанов Алмаз Токтоназарович,0,1,0,67,0,0,0,0,0,0,0,0,0,0,0,0,0,0,0,1,0,",,,,,Онугуу-Прогресс",6,Онугуу-Прогресс,,159
Жылкыбаев Узарбек Казиевич,0,1,0,146,0,0,0,1,0,0,0,0,0,0,0,0,0,0,0,0,0,",,,,,СДПК",6,СДПК,,160
Жээнбеков Асылбек Шарипович,1,3,0,99,0,0,0,1,0,0,0,0,0,0,0,0,0,0,0,0,0,",,,СДПК,СДПК,СДПК",4,СДПК,1.0,161
Жээнбеков Асылбек Шарипович,1,3,0,111,0,0,0,1,0,0,0,0,0,0,0,0,0,0,0,0,0,",,,СДПК,СДПК,СДПК",5,СДПК,1.0,161
Жээнбеков Асылбек Шарипович,1,3,0,141,0,0,0,1,0,0,0,0,0,0,0,0,0,0,0,0,0,",,,СДПК,СДПК,СДПК",6,СДПК,1.0,161
Жээнбеков Равшан Бабырбекович,0,1,0,28,0,0,0,0,0,1,0,0,0,0,0,0,0,0,0,0,0,",,,,Ата Мекен,",5,Ата Мекен,,162
Жээнбеков Сооронбай Шарипович,0,2,0,59,0,0,0,0,0,0,0,0,0,0,0,0,1,0,0,0,0,"Нет данных,Нет данных,,,,",1,Нет данных,1.0,163
Жээнбеков Сооронбай Шарипович,0,2,0,4,0,0,0,0,0,0,0,0,0,0,0,0,1,0,0,0,0,"Нет данных,Нет данных,,,,",2,Нет данных,1.0,163
Заиров Маматоктор Садырбаевич,0,1,0,58,0,0,0,0,0,0,0,0,0,0,0,0,1,0,0,0,0,"Нет данных,,,,,",1,Нет данных,,164
Зулпукаров Торобай Закирович,1,2,0,97,0,0,0,1,0,0,0,0,0,0,0,0,0,0,0,0,0,",,,,СДПК,СДПК",5,СДПК,1.0,165
Зулпукаров Торобай Закирович,1,2,0,112,0,0,0,1,0,0,0,0,0,0,0,0,0,0,0,0,0,",,,,СДПК,СДПК",6,СДПК,1.0,165
Зулушев Курманкул Токторалыевич,0,1,0,74,0,0,0,0,0,0,0,1,0,0,0,0,0,0,0,0,1,",,,,,Республика - Ата Журт",6,Республика - Ата Журт,,166
Ибрагимов Сергей Мухамедович,0,1,0,61,0,0,1,0,0,0,0,0,0,0,0,0,0,0,0,0,0,",,,Ак Жол,,",4,Ак Жол,,167
Ибраев Саматбек Кулукеевич,0,1,0,151,0,0,0,1,0,0,0,0,0,0,0,0,0,0,0,0,0,",,,,,СДПК",6,СДПК,,168
Ибраимжанов Болотбек Сапарбаевич,0,1,0,77,0,0,0,0,0,0,0,1,0,0,0,0,0,0,0,0,1,",,,,,Республика - Ата Журт",6,Республика - Ата Журт,,169
Ибраимов Абыт,0,1,0,2,0,0,0,0,0,0,0,0,0,0,0,0,1,0,0,0,0,"Нет данных,,,,,",1,Нет данных,,170
Ибраимов Жумабек Ибраимович,0,1,0,33,0,0,0,0,0,0,0,0,0,0,0,0,1,0,0,0,0,"Нет данных,,,,,",1,Нет данных,,171
Ибраимова Эльмира Султановна,0,1,0,79,1,0,1,0,0,0,0,0,0,0,0,0,0,0,0,0,0,",,,Ак Жол,,",4,Ак Жол,,172
Идинов Кубанычбек,0,1,0,34,0,0,0,0,0,0,0,0,0,0,0,0,1,0,0,0,0,"Нет данных,,,,,",1,Нет данных,,173
Измаилов Аскар Бекматович,0,1,0,3,0,0,0,0,0,0,0,0,0,0,0,0,1,0,0,0,0,",Нет данных,,,,",2,Нет данных,,174
Измалкова Алла Николаевна,0,1,0,98,1,0,0,1,0,0,0,0,0,0,0,0,0,0,0,0,0,",,,,СДПК,",5,СДПК,,175
Икрамов Тазабек Икрамович,0,1,0,68,0,0,0,0,0,0,0,0,0,0,0,0,0,0,0,1,0,",,,,,Онугуу-Прогресс",6,Онугуу-Прогресс,,176
Иманалиев Бактыбек Тыбынович,0,1,0,76,0,0,1,0,0,0,0,0,0,0,0,0,0,0,0,0,0,",,,Ак Жол,,",4,Ак Жол,,177
Иманалиев Жусуп Умарович,0,2,0,34,0,1,0,0,0,0,1,0,0,0,0,0,0,0,0,0,0,",,Самовыдвиженец,,Ата-Журт,",3,Самовыдвиженец,2.0,178
Иманалиев Жусуп Умарович,0,2,0,48,0,1,0,0,0,0,1,0,0,0,0,0,0,0,0,0,0,",,Самовыдвиженец,,Ата-Журт,",5,Ата-Журт,2.0,178
Иманалиев Каныбек Капашович,0,4,1,2,0,1,0,0,0,1,0,0,1,0,0,0,1,0,0,0,0,",Нет данных,Самовыдвиженец,,Ар-Намыс,Ата Мекен",2,Нет данных,2.0,179
Иманалиев Каныбек Капашович,0,4,1,48,0,1,0,0,0,1,0,0,1,0,0,0,1,0,0,0,0,",Нет данных,Самовыдвиженец,,Ар-Намыс,Ата Мекен",3,Самовыдвиженец,2.0,179
Иманалиев Каныбек Капашович,0,4,1,20,0,1,0,0,0,1,0,0,1,0,0,0,1,0,0,0,0,",Нет данных,Самовыдвиженец,,Ар-Намыс,Ата Мекен",5,Ар-Намыс,2.0,179
Иманалиев Каныбек Капашович,0,4,1,2,0,1,0,0,0,1,0,0,1,0,0,0,1,0,0,0,0,",Нет данных,Самовыдвиженец,,Ар-Намыс,Ата Мекен",6,Ата Мекен,2.0,179
Иманалиева Айнура Касымбековна,0,1,0,60,1,0,1,0,0,0,0,0,0,0,0,0,0,0,0,0,0,",,,Ак Жол,,",4,Ак Жол,,180
Иманалиева Эльмира Сансызбаевна,0,1,0,60,1,0,0,0,0,0,1,0,0,0,0,0,0,0,0,0,0,",,,,Ата-Журт,",5,Ата-Журт,,181
Иманкулов Бактыбек Абдыкулович,0,1,0,54,0,0,0,0,0,0,0,0,0,0,0,0,1,0,0,0,0,",Нет данных,,,,",2,Нет данных,,182
Иминов Фархат Ажмуханбетович,0,1,0,103,0,0,0,0,0,0,0,1,0,0,0,0,0,0,0,0,1,",,,,,Республика - Ата Журт",6,Республика - Ата Журт,,183
Ирсалиев Рахатбек Молдобекович,0,2,0,49,0,1,0,1,0,0,0,0,0,0,0,0,0,0,0,0,0,",,Самовыдвиженец,СДПК,,",3,Самовыдвиженец,1.0,184
Ирсалиев Рахатбек Молдобекович,0,2,0,104,0,1,0,1,0,0,0,0,0,0,0,0,0,0,0,0,0,",,Самовыдвиженец,СДПК,,",4,СДПК,1.0,184
Исабеков Кубанычбек Сатиндиевич,0,2,1,70,0,0,1,0,0,0,0,0,0,0,0,1,0,0,0,0,0,",,другое,Ак Жол,,",3,другое,1.0,185
Исабеков Кубанычбек Сатиндиевич,0,2,1,59,0,0,1,0,0,0,0,0,0,0,0,1,0,0,0,0,0,",,другое,Ак Жол,,",4,Ак Жол,1.0,185
Исаев Жаныбек Базаркулович,0,1,0,33,0,0,0,0,0,0,0,0,0,0,0,0,0,0,1,0,0,",,,,,Кыргызстан",6,Кыргызстан,,186
Исаев Жусупали Калматович,0,1,0,102,0,0,0,1,0,0,0,0,0,0,0,0,0,0,0,0,0,",,,,СДПК,",5,СДПК,,187
Исаев Канатбек Кедейканович,0,2,1,89,0,0,0,0,0,0,0,1,0,0,0,0,0,0,1,0,0,",,,,Республика,Кыргызстан",5,Республика,1.0,188
Исаев Канатбек Кедейканович,0,2,1,40,0,0,0,0,0,0,0,1,0,0,0,0,0,0,1,0,0,",,,,Республика,Кыргызстан",6,Кыргызстан,1.0,188
Исаев Кыдык Шайдинович,0,1,0,1,0,0,0,0,0,0,0,0,0,0,0,0,1,0,0,0,0,",Нет данных,,,,",2,Нет данных,,189
Исаев Тилектеш Каримович,0,1,0,143,0,0,0,1,0,0,0,0,0,0,0,0,0,0,0,0,0,",,,,,СДПК",6,СДПК,,190
Исаева Динара Шертаевна,0,3,1,58,1,0,1,0,0,0,1,1,0,0,0,0,0,0,0,0,1,",,,Ак Жол,Ата-Журт,Республика - Ата Журт",4,Ак Жол,1.0,191
Исаева Динара Шертаевна,0,3,1,68,1,0,1,0,0,0,1,1,0,0,0,0,0,0,0,0,1,",,,Ак Жол,Ата-Журт,Республика - Ата Журт",5,Ата-Журт,1.0,191
Исаева Динара Шертаевна,0,3,1,75,1,0,1,0,0,0,1,1,0,0,0,0,0,0,0,0,1,",,,Ак Жол,Ата-Журт,Республика - Ата Журт",6,Республика - Ата Журт,1.0,191
Исаков Исмаил Исакович,0,2,0,64,0,0,0,1,0,0,0,0,0,0,0,0,1,0,0,0,0,",Нет данных,,,СДПК,",2,Нет данных,3.0,192
Исаков Исмаил Исакович,0,2,0,115,0,0,0,1,0,0,0,0,0,0,0,0,1,0,0,0,0,",Нет данных,,,СДПК,",5,СДПК,3.0,192
Исаков Музаффар Ахматходжаевич,0,1,0,145,0,0,0,1,0,0,0,0,0,0,0,0,0,0,0,0,0,",,,,,СДПК",6,СДПК,,193
Исаков Эсенгул,0,1,0,24,0,0,0,0,0,0,0,0,1,0,0,0,0,0,0,0,0,",,,,Ар-Намыс,",5,Ар-Намыс,,194
Исакунова Таалайкул Базаркуловна,0,1,0,49,1,0,0,0,0,0,0,0,0,0,0,0,0,0,1,0,0,",,,,,Кыргызстан",6,Кыргызстан,,195
Исанова Мария Насирдиновна,0,1,0,57,1,0,1,0,0,0,0,0,0,0,0,0,0,0,0,0,0,",,,Ак Жол,,",4,Ак Жол,,196
Исмаилов Есен Жумазович,0,1,0,29,0,0,0,0,0,0,0,0,0,0,0,0,1,0,0,0,0,"Нет данных,,,,,",1,Нет данных,,197
Исмаилова Аида Жекшенбаевна,0,1,0,91,1,0,0,0,0,0,0,1,0,0,0,0,0,0,0,0,1,",,,,,Республика - Ата Журт",6,Республика - Ата Журт,,198
Кабаев Акбаралы Саринжиевич,0,1,0,56,0,0,1,0,0,0,0,0,0,0,0,0,0,0,0,0,0,",,,Ак Жол,,",4,Ак Жол,,199
Кадыралиев Санжарбек Кармышакович,0,1,0,75,0,0,1,0,0,0,0,0,0,0,0,0,0,0,0,0,0,",,,Ак Жол,,",4,Ак Жол,,200
Кадыралиева Ыргал Кармышаковна,0,1,0,96,1,0,0,1,0,0,0,0,0,0,0,0,0,0,0,0,0,",,,,СДПК,",5,СДПК,,201
Кадырбеков Адылбек,0,1,0,1,0,0,0,0,0,0,0,0,0,0,0,0,1,0,0,0,0,"Нет данных,,,,,",1,Нет данных,,202
Кадырбеков Ишенбай Дюшенбиевич,0,2,0,36,0,0,0,0,0,0,0,0,0,0,0,0,1,0,0,0,0,"Нет данных,Нет данных,,,,",1,Нет данных,1.0,203
Кадырбеков Ишенбай Дюшенбиевич,0,2,0,77,0,0,0,0,0,0,0,0,0,0,0,0,1,0,0,0,0,"Нет данных,Нет данных,,,,",2,Нет данных,1.0,203
Кадыркулов Искендер Анарбекович,0,1,0,135,0,0,0,1,0,0,0,0,0,0,0,0,0,0,0,0,0,",,,,,СДПК",6,СДПК,,204
Кадыров Бахтияр Сабиржанович,0,1,0,94,0,0,0,1,0,0,0,0,0,0,0,0,0,0,0,0,0,",,,,СДПК,",5,СДПК,,205
Кадыров Кубанычбек Бекбосунович,0,1,0,90,0,0,0,1,0,0,0,0,0,0,0,0,0,0,0,0,0,",,,СДПК,,",4,СДПК,,206
Казакбаев Жалгап Ийманбекович,0,1,0,57,0,0,0,0,0,0,0,0,0,0,0,0,1,0,0,0,0,"Нет данных,,,,,",1,Нет данных,,207
Казакбаев Руслан Айтбаевич,0,1,0,99,0,0,0,0,0,0,0,1,0,0,0,0,0,0,0,0,1,",,,,,Республика - Ата Журт",6,Республика - Ата Журт,,208
Калмаматов Ажибай Айтиевич,0,1,0,55,0,0,1,0,0,0,0,0,0,0,0,0,0,0,0,0,0,",,,Ак Жол,,",4,Ак Жол,,209
Калмаматов Бактыбек,0,1,0,26,0,0,0,0,0,1,0,0,0,0,0,0,0,0,0,0,0,",,,,Ата Мекен,",5,Ата Мекен,,210
Калмаматов Жыргалбек Айтиевич,0,1,0,45,0,0,0,0,0,0,0,0,0,0,0,0,0,0,1,0,0,",,,,,Кыргызстан",6,Кыргызстан,,211
Калматов Анарбек Баратович,0,1,0,7,0,0,0,0,0,0,0,0,1,0,0,0,0,0,0,0,0,",,,,Ар-Намыс,",5,Ар-Намыс,,212
Калматов Тойгонбай Зикирович,0,1,0,11,0,0,0,0,0,0,0,0,0,0,0,0,1,0,0,0,0,",Нет данных,,,,",2,Нет данных,,213
Калмурзаев Марат Исмаилович,0,1,0,32,0,0,0,0,0,0,0,0,0,0,0,0,1,0,0,0,0,"Нет данных,,,,,",1,Нет данных,,214
Кангельдиев Азамат Нурказыевич,0,1,0,62,0,0,0,0,0,0,1,0,0,0,0,0,0,0,0,0,0,",,,,Ата-Журт,",5,Ата-Журт,,215
Каниметов Жангороз,0,3,0,56,0,0,1,0,0,0,0,0,0,0,0,0,1,0,0,0,0,"Нет данных,Нет данных,,Ак Жол,,",1,Нет данных,2.0,216
Каниметов Жангороз,0,3,0,78,0,0,1,0,0,0,0,0,0,0,0,0,1,0,0,0,0,"Нет данных,Нет данных,,Ак Жол,,",2,Нет данных,2.0,216
Каниметов Жангороз,0,3,0,54,0,0,1,0,0,0,0,0,0,0,0,0,1,0,0,0,0,"Нет данных,Нет данных,,Ак Жол,,",4,Ак Жол,2.0,216
Карабеков Кабай Джабаевич,0,3,0,79,0,1,1,0,0,0,0,0,0,0,0,0,1,0,0,0,0,",Нет данных,Самовыдвиженец,Ак Жол,,",2,Нет данных,1.0,217
Карабеков Кабай Джабаевич,0,3,0,50,0,1,1,0,0,0,0,0,0,0,0,0,1,0,0,0,0,",Нет данных,Самовыдвиженец,Ак Жол,,",3,Самовыдвиженец,1.0,217
Карабеков Кабай Джабаевич,0,3,0,53,0,1,1,0,0,0,0,0,0,0,0,0,1,0,0,0,0,",Нет данных,Самовыдвиженец,Ак Жол,,",4,Ак Жол,1.0,217
Карамушкина Ирина Юрьевна,1,3,0,101,1,0,0,1,0,0,0,0,0,0,0,0,0,0,0,0,0,",,,СДПК,СДПК,СДПК",4,СДПК,1.0,218
Карамушкина Ирина Юрьевна,1,3,0,113,1,0,0,1,0,0,0,0,0,0,0,0,0,0,0,0,0,",,,СДПК,СДПК,СДПК",5,СДПК,1.0,218
Карамушкина Ирина Юрьевна,1,3,0,148,1,0,0,1,0,0,0,0,0,0,0,0,0,0,0,0,0,",,,СДПК,СДПК,СДПК",6,СДПК,1.0,218
Карашев Аалы Азимович,0,1,0,147,0,0,0,1,0,0,0,0,0,0,0,0,0,0,0,0,0,",,,,,СДПК",6,СДПК,,219
Каримов Алмазбек Ташполотович,0,1,0,41,0,0,1,0,0,0,0,0,0,0,0,0,0,0,0,0,0,",,,Ак Жол,,",4,Ак Жол,,220
Каримов Нодирбек Тохтосинович,0,1,0,130,0,0,0,1,0,0,0,0,0,0,0,0,0,0,0,0,0,",,,,,СДПК",6,СДПК,,221
Карпасов Александр Викторович,0,1,0,102,0,0,0,0,0,0,0,0,0,0,0,0,1,0,0,0,0,",Нет данных,,,,",2,Нет данных,,222
Касымалиева Аида Камчыбековна,0,1,0,134,1,0,0,1,0,0,0,0,0,0,0,0,0,0,0,0,0,",,,,,СДПК",6,СДПК,,223
Касымов Камбаралы Жолотаевич,0,1,0,24,0,0,0,0,0,0,0,0,0,0,0,0,1,0,0,0,0,",Нет данных,,,,",2,Нет данных,,224
Качкеев Рыспек Омоевич,0,1,0,11,0,0,0,0,0,0,0,0,0,0,0,0,1,0,0,0,0,"Нет данных,,,,,",1,Нет данных,,225
Келдибаев Сагындык Аширалиевич,0,1,0,98,0,0,0,0,0,0,0,1,0,0,0,0,0,0,0,0,1,",,,,,Республика - Ата Журт",6,Республика - Ата Журт,,226
Келдибеков Ахматбек Келдибекович,0,2,0,51,0,1,0,0,0,0,1,0,0,0,0,0,0,0,0,0,0,",,Самовыдвиженец,,Ата-Журт,",3,Самовыдвиженец,2.0,227
Келдибеков Ахматбек Келдибекович,0,2,0,59,0,1,0,0,0,0,1,0,0,0,0,0,0,0,0,0,0,",,Самовыдвиженец,,Ата-Журт,",5,Ата-Журт,2.0,227
Кенжебаева Айнур Абдурасуловна,0,1,0,50,1,0,1,0,0,0,0,0,0,0,0,0,0,0,0,0,0,",,,Ак Жол,,",4,Ак Жол,,228
Керезбеков Канат Керезбекович,0,1,0,109,0,0,0,1,0,0,0,0,0,0,0,0,0,0,0,0,0,",,,,,СДПК",6,СДПК,,229
Керексизов Ташкул Джанузакович,0,1,0,52,0,1,0,0,0,0,0,0,0,0,0,0,0,0,0,0,0,",,Самовыдвиженец,,,",3,Самовыдвиженец,,230
Керимбеков Бакыт Макенович,0,1,0,101,0,0,0,0,0,0,0,0,0,0,0,0,1,0,0,0,0,",Нет данных,,,,",2,Нет данных,,231
Керимкулов Айдарбек Темирбекович,0,2,0,100,0,0,0,0,0,0,0,0,0,1,0,0,1,0,0,0,0,",Нет данных,Алга Кыргызстан,,,",2,Нет данных,1.0,232
Керимкулов Айдарбек Темирбекович,0,2,0,15,0,0,0,0,0,0,0,0,0,1,0,0,1,0,0,0,0,",Нет данных,Алга Кыргызстан,,,",3,Алга Кыргызстан,1.0,232
Керимова Нурбюбю Сартовна,0,1,0,40,1,0,1,0,0,0,0,0,0,0,0,0,0,0,0,0,0,",,,Ак Жол,,",4,Ак Жол,,233
Кодуранова Асель Союзбековна,1,2,0,95,1,0,0,1,0,0,0,0,0,0,0,0,0,0,0,0,0,",,,СДПК,,СДПК",4,СДПК,2.0,234
Кодуранова Асель Союзбековна,1,2,0,127,1,0,0,1,0,0,0,0,0,0,0,0,0,0,0,0,0,",,,СДПК,,СДПК",6,СДПК,2.0,234
Кожомкулов Тулемуш Жапаркулович,0,1,0,25,0,0,0,0,0,0,0,0,0,0,0,0,1,0,0,0,0,",Нет данных,,,,",2,Нет данных,,235
Койчубаков Нурлан Кенешович,0,1,0,19,0,0,1,0,0,0,0,0,0,0,0,0,0,0,0,0,0,",,,Ак Жол,,",4,Ак Жол,,236
Комиссарова Любовь Николаевна,0,1,0,99,1,0,0,0,0,0,0,0,0,0,0,0,1,0,0,0,0,",Нет данных,,,,",2,Нет данных,,237
Конушбаев Тынчтыкбек Кадырбекович,0,1,0,34,0,0,0,0,0,0,0,0,0,0,0,0,0,0,1,0,0,",,,,,Кыргызстан",6,Кыргызстан,,238
Коркмазов Хаджимурат Зулкарнаевич,0,4,0,30,0,1,0,0,1,0,0,0,0,0,0,0,1,0,0,0,0,"Нет данных,Нет данных,Самовыдвиженец,Партия коммунистов КР,,",1,Нет данных,1.0,239
Коркмазов Хаджимурат Зулкарнаевич,0,4,0,98,0,1,0,0,1,0,0,0,0,0,0,0,1,0,0,0,0,"Нет данных,Нет данных,Самовыдвиженец,Партия коммунистов КР,,",2,Нет данных,1.0,239
Коркмазов Хаджимурат Зулкарнаевич,0,4,0,55,0,1,0,0,1,0,0,0,0,0,0,0,1,0,0,0,0,"Нет данных,Нет данных,Самовыдвиженец,Партия коммунистов КР,,",3,Самовыдвиженец,1.0,239
Коркмазов Хаджимурат Зулкарнаевич,0,4,0,86,0,1,0,0,1,0,0,0,0,0,0,0,1,0,0,0,0,"Нет данных,Нет данных,Самовыдвиженец,Партия коммунистов КР,,",4,Партия коммунистов КР,1.0,239
Кочкоров Эсенбай,0,2,0,55,0,0,0,0,0,0,0,0,0,0,0,0,1,0,0,0,0,"Нет данных,Нет данных,,,,",1,Нет данных,1.0,240
Кочкоров Эсенбай,0,2,0,26,0,0,0,0,0,0,0,0,0,0,0,0,1,0,0,0,0,"Нет данных,Нет данных,,,,",2,Нет данных,1.0,240
Кудайбергенов Джаныш Камчыбекович,0,3,1,62,0,1,1,0,0,0,1,0,0,0,0,0,0,0,0,0,0,",,Самовыдвиженец,Ак Жол,Ата-Журт,",3,Самовыдвиженец,1.0,241
Кудайбергенов Джаныш Камчыбекович,0,3,1,17,0,1,1,0,0,0,1,0,0,0,0,0,0,0,0,0,0,",,Самовыдвиженец,Ак Жол,Ата-Журт,",4,Ак Жол,1.0,241
Кудайбергенов Джаныш Камчыбекович,0,3,1,66,0,1,1,0,0,0,1,0,0,0,0,0,0,0,0,0,0,",,Самовыдвиженец,Ак Жол,Ата-Журт,",5,Ата-Журт,1.0,241
Кудайбергенов Камчыбек,0,1,0,64,0,0,0,0,0,0,0,0,0,0,0,0,1,0,0,0,0,"Нет данных,,,,,",1,Нет данных,,242
Кудайбердиев Атагельди,0,1,0,54,0,0,0,0,0,0,0,0,0,0,0,0,1,0,0,0,0,"Нет данных,,,,,",1,Нет данных,,243
Кулбаев Абдирейим Стамкулович,0,1,0,16,0,0,1,0,0,0,0,0,0,0,0,0,0,0,0,0,0,",,,Ак Жол,,",4,Ак Жол,,244
Кулбараков Абтандил Илдузович,0,1,0,121,0,0,0,1,0,0,0,0,0,0,0,0,0,0,0,0,0,",,,,,СДПК",6,СДПК,,245
Куликова Галина Александровна,0,1,0,15,1,0,1,0,0,0,0,0,0,0,0,0,0,0,0,0,0,",,,Ак Жол,,",4,Ак Жол,,246
Кулмурзаев Тургунбек Насипович,0,1,0,77,0,0,0,0,0,0,0,0,0,0,0,0,1,0,0,0,0,"Нет данных,,,,,",1,Нет данных,,247
Кулов Феликс Шаршенбаевич,0,1,0,23,0,0,0,0,0,0,0,0,1,0,0,0,0,0,0,0,0,",,,,Ар-Намыс,",5,Ар-Намыс,,248
Кунакунов Максат Касымжанович,0,1,0,14,0,0,1,0,0,0,0,0,0,0,0,0,0,0,0,0,0,",,,Ак Жол,,",4,Ак Жол,,249
Курманов Зайнидин Карпекович,0,2,0,97,0,0,1,0,0,0,0,0,0,0,0,0,1,0,0,0,0,",Нет данных,,Ак Жол,,",2,Нет данных,2.0,250
Курманов Зайнидин Карпекович,0,2,0,13,0,0,1,0,0,0,0,0,0,0,0,0,1,0,0,0,0,",Нет данных,,Ак Жол,,",4,Ак Жол,2.0,250
Кучуков Махмут Мамаевич,0,1,0,96,0,0,0,0,0,0,0,0,0,0,0,0,1,0,0,0,0,",Нет данных,,,,",2,Нет данных,,251
Кыдыралиев Умбеталы Токторалиевич,0,1,0,100,0,0,0,0,0,0,0,1,0,0,0,0,0,0,0,0,1,",,,,,Республика - Ата Журт",6,Республика - Ата Журт,,252
Кыдыров Дуйшембек Шакирович,0,1,0,12,0,0,1,0,0,0,0,0,0,0,0,0,0,0,0,0,0,",,,Ак Жол,,",4,Ак Жол,,253
Левина Татьяна Владимировна,0,1,0,1,1,0,0,0,0,0,0,0,1,0,0,0,0,0,0,0,0,",,,,Ар-Намыс,",5,Ар-Намыс,,254
Летова Ирина Витальевна,0,1,0,11,1,0,1,0,0,0,0,0,0,0,0,0,0,0,0,0,0,",,,Ак Жол,,",4,Ак Жол,,255
Лобода Андрей Юрьевич,0,1,0,95,0,0,0,0,0,0,0,0,0,0,0,0,1,0,0,0,0,",Нет данных,,,,",2,Нет данных,,256
Мавлянова Махабат Эргешовна,0,1,0,96,1,0,0,0,0,0,0,1,0,0,0,0,0,0,0,0,1,",,,,,Республика - Ата Журт",6,Республика - Ата Журт,,257
Мадеминов Мурадыл Ганыевич,0,1,0,123,0,0,0,1,0,0,0,0,0,0,0,0,0,0,0,0,0,",,,,,СДПК",6,СДПК,,258
Мадумаров Адахан Кимсанбаевич,0,3,0,24,0,0,1,0,0,0,0,0,0,0,0,0,1,0,0,0,0,"Нет данных,Нет данных,,Ак Жол,,",1,Нет данных,2.0,259
Мадумаров Адахан Кимсанбаевич,0,3,0,94,0,0,1,0,0,0,0,0,0,0,0,0,1,0,0,0,0,"Нет данных,Нет данных,,Ак Жол,,",2,Нет данных,2.0,259
Мадумаров Адахан Кимсанбаевич,0,3,0,77,0,0,1,0,0,0,0,0,0,0,0,0,1,0,0,0,0,"Нет данных,Нет данных,,Ак Жол,,",4,Ак Жол,2.0,259
Мадылбеков Туратбек,0,1,0,33,0,0,0,0,0,1,0,0,0,0,0,0,0,0,0,0,0,",,,,Ата Мекен,",5,Ата Мекен,,260
Мажитова Шарапаткан,0,1,0,50,1,0,0,0,0,0,1,0,0,0,0,0,0,0,0,0,0,",,,,Ата-Журт,",5,Ата-Журт,,261
Макеев Нурланбек Кадыкеевич,0,1,0,42,0,0,0,0,0,0,0,0,0,0,0,0,0,0,1,0,0,",,,,,Кыргызстан",6,Кыргызстан,,262
Малабаев Муратбек Жеенбекович,0,1,0,57,0,1,0,0,0,0,0,0,0,0,0,0,0,0,0,0,0,",,Самовыдвиженец,,,",3,Самовыдвиженец,,263
Малеваная Оксана Александровна,0,1,0,93,1,0,0,0,0,0,0,0,0,0,0,0,1,0,0,0,0,",Нет данных,,,,",2,Нет данных,,264
Малиев Арсланбек Касымакунович,0,3,0,51,0,1,0,0,0,0,0,0,0,0,0,0,1,0,0,0,0,"Нет данных,Нет данных,Самовыдвиженец,,,",1,Нет данных,1.0,265
Малиев Арсланбек Касымакунович,0,3,0,92,0,1,0,0,0,0,0,0,0,0,0,0,1,0,0,0,0,"Нет данных,Нет данных,Самовыдвиженец,,,",2,Нет данных,1.0,265
Малиев Арсланбек Касымакунович,0,3,0,68,0,1,0,0,0,0,0,0,0,0,0,0,1,0,0,0,0,"Нет данных,Нет данных,Самовыдвиженец,,,",3,Самовыдвиженец,1.0,265
Мамакеев Мамбет,0,1,0,78,0,0,0,0,0,0,0,0,0,0,0,0,1,0,0,0,0,"Нет данных,,,,,",1,Нет данных,,266
Маманов Рустам Ырысбаевич,0,1,0,49,0,0,0,0,0,0,0,0,0,0,0,0,1,0,0,0,0,",Нет данных,,,,",2,Нет данных,,267
Мамасаидов Мухаммаджан Ташалиевич,0,4,1,79,0,0,1,0,0,0,0,0,0,1,0,0,1,0,0,0,0,"Нет данных,Нет данных,Алга Кыргызстан,Ак Жол,,",1,Нет данных,1.0,268
Мамасаидов Мухаммаджан Ташалиевич,0,4,1,48,0,0,1,0,0,0,0,0,0,1,0,0,1,0,0,0,0,"Нет данных,Нет данных,Алга Кыргызстан,Ак Жол,,",2,Нет данных,1.0,268
Мамасаидов Мухаммаджан Ташалиевич,0,4,1,4,0,0,1,0,0,0,0,0,0,1,0,0,1,0,0,0,0,"Нет данных,Нет данных,Алга Кыргызстан,Ак Жол,,",3,Алга Кыргызстан,1.0,268
Мамасаидов Мухаммаджан Ташалиевич,0,4,1,10,0,0,1,0,0,0,0,0,0,1,0,0,1,0,0,0,0,"Нет данных,Нет данных,Алга Кыргызстан,Ак Жол,,",4,Ак Жол,1.0,268
Мамасалиев Алишер Тургунбаевич,0,1,0,9,0,0,1,0,0,0,0,0,0,0,0,0,0,0,0,0,0,",,,Ак Жол,,",4,Ак Жол,,269
Мамасейитова Бумайрам Уташевна,0,1,0,82,1,0,0,0,1,0,0,0,0,0,0,0,0,0,0,0,0,",,,Партия коммунистов КР,,",4,Партия коммунистов КР,,270
Маматалиев Абдырахман Мадакимович,0,1,0,10,0,0,0,0,0,0,0,0,1,0,0,0,0,0,0,0,0,",,,,Ар-Намыс,",5,Ар-Намыс,,271
Маматалиев Марлен Абдырахманович,0,1,0,95,0,0,0,0,0,0,0,1,0,0,0,0,0,0,0,0,1,",,,,,Республика - Ата Журт",6,Республика - Ата Журт,,272
Маматов Абдимуктар Маматович,1,2,0,41,0,0,0,0,0,1,0,0,0,0,0,0,0,0,0,0,0,",,,,Ата Мекен,Ата Мекен",5,Ата Мекен,1.0,273
Маматов Абдимуктар Маматович,1,2,0,10,0,0,0,0,0,1,0,0,0,0,0,0,0,0,0,0,0,",,,,Ата Мекен,Ата Мекен",6,Ата Мекен,1.0,273
Маматов Бактыгул Арстанович,0,1,0,22,0,0,0,0,0,0,0,0,1,0,0,0,0,0,0,0,0,",,,,Ар-Намыс,",5,Ар-Намыс,,274
Маматов Самаган,0,1,0,47,0,0,0,0,0,0,0,0,0,0,0,0,1,0,0,0,0,",Нет данных,,,,",2,Нет данных,,275
Мамашова Айсулуу Турусбековна,0,1,0,12,1,0,0,0,0,1,0,0,0,0,0,0,0,0,0,0,0,",,,,,Ата Мекен",6,Ата Мекен,,276
Мамаюсупов Омурзак Шеранович,0,1,0,25,0,0,0,0,0,0,0,0,0,0,0,0,1,0,0,0,0,"Нет данных,,,,,",1,Нет данных,,277
Мамбеталиева Асель Усаиновна,0,1,0,91,1,0,0,0,0,0,0,0,0,0,0,0,1,0,0,0,0,",Нет данных,,,,",2,Нет данных,,278
Мамыров Раимбек Сатыкулович,0,1,0,60,0,1,0,0,0,0,0,0,0,0,0,0,0,0,0,0,0,",,Самовыдвиженец,,,",3,Самовыдвиженец,,279
Мамырова Бодош Аманбаевна,0,1,0,16,1,0,0,0,0,0,0,0,1,0,0,0,0,0,0,0,0,",,,,Ар-Намыс,",5,Ар-Намыс,,280
Мамытов Миталип,0,1,0,37,0,0,0,0,0,0,0,0,0,0,0,0,1,0,0,0,0,"Нет данных,,,,,",1,Нет данных,,281
Мамытов Талант Турдумаматович,1,2,0,46,0,0,0,0,0,0,1,1,0,0,0,0,0,0,0,0,1,",,,,Ата-Журт,Республика - Ата Журт",5,Ата-Журт,1.0,282
Мамытов Талант Турдумаматович,1,2,0,94,0,0,0,0,0,0,1,1,0,0,0,0,0,0,0,0,1,",,,,Ата-Журт,Республика - Ата Журт",6,Республика - Ата Журт,1.0,282
Мамытов Токтокучук Болотбекович,0,1,0,8,0,0,0,0,0,0,0,0,1,0,0,0,0,0,0,0,0,",,,,Ар-Намыс,",5,Ар-Намыс,,283
Маннанов Ильхом Абдукахарович,0,1,0,115,0,0,0,1,0,0,0,0,0,0,0,0,0,0,0,0,0,",,,,,СДПК",6,СДПК,,284
Марипов Асамидин,0,2,0,46,0,0,0,0,0,0,0,0,0,1,0,0,1,0,0,0,0,",Нет данных,Алга Кыргызстан,,,",2,Нет данных,1.0,285
Марипов Асамидин,0,2,0,5,0,0,0,0,0,0,0,0,0,1,0,0,1,0,0,0,0,",Нет данных,Алга Кыргызстан,,,",3,Алга Кыргызстан,1.0,285
Марипов Болот Арапбаевич,0,1,0,69,0,1,0,0,0,0,0,0,0,0,0,0,0,0,0,0,0,",,Самовыдвиженец,,,",3,Самовыдвиженец,,286
Марышев Анатолий Никитович,0,1,0,102,0,0,0,0,0,0,0,0,0,0,0,0,1,0,0,0,0,"Нет данных,,,,,",1,Нет данных,,287
Масабиров Таалайбек Айтмаматович,0,1,0,51,0,0,0,0,0,0,0,0,0,0,0,0,0,0,1,0,0,",,,,,Кыргызстан",6,Кыргызстан,,288
Масалиев Абсамат Масалиевич,0,2,0,101,0,0,0,0,0,0,0,0,0,0,0,0,1,0,0,0,0,"Нет данных,Нет данных,,,,",1,Нет данных,1.0,289
Масалиев Абсамат Масалиевич,0,2,0,90,0,0,0,0,0,0,0,0,0,0,0,0,1,0,0,0,0,"Нет данных,Нет данных,,,,",2,Нет данных,1.0,289
Масалиев Исхак Абсаматович,0,4,1,45,0,0,0,0,1,0,0,0,0,0,0,0,1,0,0,1,0,",Нет данных,Партия коммунистов КР,Партия коммунистов КР,,Онугуу-Прогресс",2,Нет данных,2.0,290
Масалиев Исхак Абсаматович,0,4,1,26,0,0,0,0,1,0,0,0,0,0,0,0,1,0,0,1,0,",Нет данных,Партия коммунистов КР,Партия коммунистов КР,,Онугуу-Прогресс",3,Партия коммунистов КР,2.0,290
Масалиев Исхак Абсаматович,0,4,1,84,0,0,0,0,1,0,0,0,0,0,0,0,1,0,0,1,0,",Нет данных,Партия коммунистов КР,Партия коммунистов КР,,Онугуу-Прогресс",4,Партия коммунистов КР,2.0,290
Масалиев Исхак Абсаматович,0,4,1,65,0,0,0,0,1,0,0,0,0,0,0,0,1,0,0,1,0,",Нет данных,Партия коммунистов КР,Партия коммунистов КР,,Онугуу-Прогресс",6,Онугуу-Прогресс,2.0,290
Матраимов Искендер Исмаилович,0,1,0,108,0,0,0,1,0,0,0,0,0,0,0,0,0,0,0,0,0,",,,,,СДПК",6,СДПК,,291
Матубраимов Алманбет,0,1,0,100,0,0,0,0,0,0,0,0,0,0,0,0,1,0,0,0,0,"Нет данных,,,,,",1,Нет данных,,292
Матыев Эркинбек Сагыналиевич,0,1,0,98,0,0,0,0,0,0,0,0,0,0,0,0,1,0,0,0,0,"Нет данных,,,,,",1,Нет данных,,293
Медетбеков Шамшыбек Осмонкулович,0,1,0,44,0,0,0,0,0,0,0,0,0,0,0,0,1,0,0,0,0,",Нет данных,,,,",2,Нет данных,,294
Мискенбаев Мээрбек Жайлообаевич,0,1,0,133,0,0,0,1,0,0,0,0,0,0,0,0,0,0,0,0,0,",,,,,СДПК",6,СДПК,,295
Молдобаев Нарынбек,0,2,1,8,0,0,1,0,0,0,1,0,0,0,0,0,0,0,0,0,0,",,,Ак Жол,Ата-Журт,",4,Ак Жол,1.0,296
Молдобаев Нарынбек,0,2,1,57,0,0,1,0,0,0,1,0,0,0,0,0,0,0,0,0,0,",,,Ак Жол,Ата-Журт,",5,Ата-Журт,1.0,296
Молдобекова Гулкан Сакиновна,0,1,0,111,1,0,0,1,0,0,0,0,0,0,0,0,0,0,0,0,0,",,,,,СДПК",6,СДПК,,297
Молдогазиев Эркинтур,0,1,0,40,0,0,0,0,0,0,0,0,0,0,0,0,1,0,0,0,0,"Нет данных,,,,,",1,Нет данных,,298
Молдоташев Ишенбай Курманович,0,1,0,89,0,0,0,0,0,0,0,0,0,0,0,0,1,0,0,0,0,",Нет данных,,,,",2,Нет данных,,299
Молдошева Динара Автандиловна,0,1,0,7,1,0,1,0,0,0,0,0,0,0,0,0,0,0,0,0,0,",,,Ак Жол,,",4,Ак Жол,,300
Момбеков Рыскелди Чыныбекович,0,1,0,116,0,0,0,1,0,0,0,0,0,0,0,0,0,0,0,0,0,",,,,,СДПК",6,СДПК,,301
Момуналиев Талгарбек,0,1,0,99,0,0,0,0,0,0,0,0,0,0,0,0,1,0,0,0,0,"Нет данных,,,,,",1,Нет данных,,302
Момункулов Авасбек,0,1,0,17,0,0,0,0,0,0,0,0,0,1,0,0,0,0,0,0,0,",,Алга Кыргызстан,,,",3,Алга Кыргызстан,,303
Морозов Павел Александрович,0,1,0,43,0,0,0,0,0,0,0,0,0,0,0,0,1,0,0,0,0,",Нет данных,,,,",2,Нет данных,,304
Мукамбаев Усуп,0,1,0,26,0,0,0,0,0,0,0,0,0,0,0,0,1,0,0,0,0,"Нет данных,,,,,",1,Нет данных,,305
Мукашев Муратбек Осмоналиевич,0,2,0,42,0,0,0,0,0,0,1,0,0,0,0,0,1,0,0,0,0,",Нет данных,Ата-Журт,,,",2,Нет данных,1.0,306
Мукашев Муратбек Осмоналиевич,0,2,0,24,0,0,0,0,0,0,1,0,0,0,0,0,1,0,0,0,0,",Нет данных,Ата-Журт,,,",3,Ата-Журт,1.0,306
Мурашев Нурбек Мурпазылжанович,0,1,0,80,0,0,0,0,0,0,0,1,0,0,0,0,0,0,0,0,0,",,,,Республика,",5,Республика,,307
Мурзубраимов Бектемир,0,3,0,97,0,0,0,0,0,0,0,0,0,0,1,0,1,0,0,0,0,"Нет данных,Нет данных,Адилет,,,",1,Нет данных,1.0,308
Мурзубраимов Бектемир,0,3,0,41,0,0,0,0,0,0,0,0,0,0,1,0,1,0,0,0,0,"Нет данных,Нет данных,Адилет,,,",2,Нет данных,1.0,308
Мурзубраимов Бектемир,0,3,0,2,0,0,0,0,0,0,0,0,0,0,1,0,1,0,0,0,0,"Нет данных,Нет данных,Адилет,,,",3,Адилет,1.0,308
Мусабекова Жылдыз Аманбековна,0,1,0,126,1,0,0,1,0,0,0,0,0,0,0,0,0,0,0,0,0,",,,,,СДПК",6,СДПК,,309
Мусаев Насыр Исмазович,0,1,0,44,0,0,0,0,0,0,0,0,0,0,0,0,0,0,1,0,0,",,,,,Кыргызстан",6,Кыргызстан,,310
Мусулманкулов Октябрй Кыдырмаевич,0,1,0,49,0,0,0,0,0,0,0,0,0,0,0,0,1,0,0,0,0,"Нет данных,,,,,",1,Нет данных,,311
Мырзакматов Мелисбек Жоошбаевич,0,1,0,78,0,0,1,0,0,0,0,0,0,0,0,0,0,0,0,0,0,",,,Ак Жол,,",4,Ак Жол,,312
Назаралиев Эсенбай Сейдилдаевич,0,1,0,40,0,0,0,0,0,0,0,0,0,0,0,0,1,0,0,0,0,",Нет данных,,,,",2,Нет данных,,313
Назаров Айтмамат Кошоевич,0,1,0,30,0,0,0,0,0,0,0,0,0,0,0,0,0,0,1,0,0,",,,,,Кыргызстан",6,Кыргызстан,,314
Назаров Орзубек Пулетович,0,1,0,6,0,0,1,0,0,0,0,0,0,0,0,0,0,0,0,0,0,",,,Ак Жол,,",4,Ак Жол,,315
Наргозуев Бегалы Молдогозуевич,0,1,0,5,0,0,1,0,0,0,0,0,0,0,0,0,0,0,0,0,0,",,,Ак Жол,,",4,Ак Жол,,316
Нарматова Надира Азимовна,0,1,0,45,1,0,0,0,0,0,1,0,0,0,0,0,0,0,0,0,0,",,,,Ата-Журт,",5,Ата-Журт,,317
Никитенко Наталья Владимировна,1,2,0,39,1,0,0,0,0,1,0,0,0,0,0,0,0,0,0,0,0,",,,,Ата Мекен,Ата Мекен",5,Ата Мекен,1.0,318
Никитенко Наталья Владимировна,1,2,0,0,1,0,0,0,0,1,0,0,0,0,0,0,0,0,0,0,0,",,,,Ата Мекен,Ата Мекен",6,Ата Мекен,1.0,318
Нишанов Нургазы Нурланович,0,1,0,101,0,0,0,0,0,0,0,1,0,0,0,0,0,0,0,0,1,",,,,,Республика - Ата Журт",6,Республика - Ата Журт,,319
Ниязалиева Дамира Абаскановна,1,2,0,94,1,0,0,1,0,0,0,0,0,0,0,0,0,0,0,0,0,",,,СДПК,СДПК,",4,СДПК,1.0,320
Ниязалиева Дамира Абаскановна,1,2,0,118,1,0,0,1,0,0,0,0,0,0,0,0,0,0,0,0,0,",,,СДПК,СДПК,",5,СДПК,1.0,320
Нур уулу Досбол,0,1,0,96,0,0,0,0,0,0,0,0,0,0,0,0,1,0,0,0,0,"Нет данных,,,,,",1,Нет данных,,321
Нурбаев Абдывахап Мамадрасулович,0,1,0,137,0,0,0,1,0,0,0,0,0,0,0,0,0,0,0,0,0,",,,,,СДПК",6,СДПК,,322
Нуржанов Бакытбек Качкынбаевич,0,1,0,72,0,0,1,0,0,0,0,0,0,0,0,0,0,0,0,0,0,",,,Ак Жол,,",4,Ак Жол,,323
Нурматов Кубанычбек Советович,0,1,0,35,0,0,0,0,0,0,0,0,0,0,0,0,0,0,1,0,0,",,,,,Кыргызстан",6,Кыргызстан,,324
Нышанов Сайдилла Канболотович,0,2,0,64,0,1,0,0,0,1,0,0,0,0,0,0,0,0,0,0,0,",,Самовыдвиженец,,,Ата Мекен",3,Самовыдвиженец,3.0,325
Нышанов Сайдилла Канболотович,0,2,0,11,0,1,0,0,0,1,0,0,0,0,0,0,0,0,0,0,0,",,Самовыдвиженец,,,Ата Мекен",6,Ата Мекен,3.0,325
Обдунов Элмурат Абдувапович,0,1,0,73,0,0,0,0,0,0,0,1,0,0,0,0,0,0,0,0,0,",,,,Республика,",5,Республика,,326
Омурбекова Алтынай Сейтбековна,1,2,0,78,1,0,0,0,0,0,0,1,0,0,0,0,0,0,0,0,1,",,,,Республика,Республика - Ата Журт",5,Республика,1.0,327
Омурбекова Алтынай Сейтбековна,1,2,0,102,1,0,0,0,0,0,0,1,0,0,0,0,0,0,0,0,1,",,,,Республика,Республика - Ата Журт",6,Республика - Ата Журт,1.0,327
Омуркулов Иса Шейшенкулович,0,5,1,95,0,0,0,1,0,0,0,0,0,0,1,0,1,0,0,0,0,"Нет данных,Нет данных,Адилет,СДПК,,СДПК",1,Нет данных,2.0,328
Омуркулов Иса Шейшенкулович,0,5,1,39,0,0,0,1,0,0,0,0,0,0,1,0,1,0,0,0,0,"Нет данных,Нет данных,Адилет,СДПК,,СДПК",2,Нет данных,2.0,328
Омуркулов Иса Шейшенкулович,0,5,1,3,0,0,0,1,0,0,0,0,0,0,1,0,1,0,0,0,0,"Нет данных,Нет данных,Адилет,СДПК,,СДПК",3,Адилет,2.0,328
Омуркулов Иса Шейшенкулович,0,5,1,93,0,0,0,1,0,0,0,0,0,0,1,0,1,0,0,0,0,"Нет данных,Нет данных,Адилет,СДПК,,СДПК",4,СДПК,2.0,328
Омуркулов Иса Шейшенкулович,0,5,1,107,0,0,0,1,0,0,0,0,0,0,1,0,1,0,0,0,0,"Нет данных,Нет данных,Адилет,СДПК,,СДПК",6,СДПК,2.0,328
Ормонов Улугбек Зулпукарович,0,3,1,65,0,1,1,0,0,0,0,0,0,0,0,0,0,1,0,0,0,",,Самовыдвиженец,Ак Жол,,Бир Бол",3,Самовыдвиженец,2.0,329
Ормонов Улугбек Зулпукарович,0,3,1,4,0,1,1,0,0,0,0,0,0,0,0,0,0,1,0,0,0,",,Самовыдвиженец,Ак Жол,,Бир Бол",4,Ак Жол,2.0,329
Ормонов Улугбек Зулпукарович,0,3,1,15,0,1,1,0,0,0,0,0,0,0,0,0,0,1,0,0,0,",,Самовыдвиженец,Ак Жол,,Бир Бол",6,Бир Бол,2.0,329
Орозалиев Табылды,0,1,0,3,0,0,1,0,0,0,0,0,0,0,0,0,0,0,0,0,0,",,,Ак Жол,,",4,Ак Жол,,330
Орозбаев Мамат,0,3,0,35,0,1,0,1,0,0,0,0,0,0,0,0,1,0,0,0,0,"Нет данных,,Самовыдвиженец,,СДПК,",1,Нет данных,2.0,331
Орозбаев Мамат,0,3,0,58,0,1,0,1,0,0,0,0,0,0,0,0,1,0,0,0,0,"Нет данных,,Самовыдвиженец,,СДПК,",3,Самовыдвиженец,2.0,331
Орозбаев Мамат,0,3,0,104,0,1,0,1,0,0,0,0,0,0,0,0,1,0,0,0,0,"Нет данных,,Самовыдвиженец,,СДПК,",5,СДПК,2.0,331
Орозова Карамат Бабашевна,0,1,0,117,1,0,0,1,0,0,0,0,0,0,0,0,0,0,0,0,0,",,,,,СДПК",6,СДПК,,332
Оскомбаев Дамир Абдыкеримович,0,1,0,6,0,0,0,0,0,0,0,0,0,1,0,0,0,0,0,0,0,",,Алга Кыргызстан,,,",3,Алга Кыргызстан,,333
Осмоналиев Каныбек,0,1,0,18,0,0,0,0,0,0,0,0,1,0,0,0,0,0,0,0,0,",,,,Ар-Намыс,",5,Ар-Намыс,,334
Осмонов Бекмамат,0,1,0,94,0,0,0,0,0,0,0,0,0,0,0,0,1,0,0,0,0,"Нет данных,,,,,",1,Нет данных,,335
Осмонов Курманбек Эргешович,0,1,0,53,0,0,0,0,0,0,1,0,0,0,0,0,0,0,0,0,0,",,,,Ата-Журт,",5,Ата-Журт,,336
Осмонов Малик Калылович,0,1,0,72,0,0,0,0,0,0,0,1,0,0,0,0,0,0,0,0,0,",,,,Республика,",5,Республика,,337
Осмонова Айнура Шермаматовна,0,1,0,110,1,0,0,1,0,0,0,0,0,0,0,0,0,0,0,0,0,",,,,,СДПК",6,СДПК,,338
Осмонова Нурзат Курманбековна,0,1,0,49,1,0,0,0,0,0,1,0,0,0,0,0,0,0,0,0,0,",,,,Ата-Журт,",5,Ата-Журт,,339
Отунбаева Роза Исаковна,0,1,0,98,1,0,0,1,0,0,0,0,0,0,0,0,0,0,0,0,0,",,,СДПК,,",4,СДПК,,340
Пирматов Исхак Айтбаевич,0,2,1,86,0,0,0,0,0,0,0,1,0,0,0,0,0,1,0,0,0,",,,,Республика,Бир Бол",5,Республика,1.0,341
Пирматов Исхак Айтбаевич,0,2,1,20,0,0,0,0,0,0,0,1,0,0,0,0,0,1,0,0,0,",,,,Республика,Бир Бол",6,Бир Бол,1.0,341
Покусаев Олег Николаевич,0,1,0,71,0,0,1,0,0,0,0,0,0,0,0,0,0,0,0,0,0,",,,Ак Жол,,",4,Ак Жол,,342
Попов Сергей Владимирович,0,2,0,67,0,1,1,0,0,0,0,0,0,0,0,0,0,0,0,0,0,",,Самовыдвиженец,Ак Жол,,",3,Самовыдвиженец,1.0,343
Попов Сергей Владимирович,0,2,0,2,0,1,1,0,0,0,0,0,0,0,0,0,0,0,0,0,0,",,Самовыдвиженец,Ак Жол,,",4,Ак Жол,1.0,343
Примов Бердибай,0,1,0,93,0,0,0,0,0,0,0,0,0,0,0,0,1,0,0,0,0,"Нет данных,,,,,",1,Нет данных,,344
Примов Улан Бердибаевич,0,1,0,106,0,0,0,1,0,0,0,0,0,0,0,0,0,0,0,0,0,",,,,,СДПК",6,СДПК,,345
Проненко Алевтина Павловна,0,2,0,48,1,0,0,0,0,0,0,0,0,0,0,0,1,0,0,0,0,"Нет данных,Нет данных,,,,",1,Нет данных,1.0,346
Проненко Алевтина Павловна,0,2,0,88,1,0,0,0,0,0,0,0,0,0,0,0,1,0,0,0,0,"Нет данных,Нет данных,,,,",2,Нет данных,1.0,346
Раимбеков Жолдошбек Раимбекович,0,1,0,92,0,0,0,0,0,0,0,0,0,0,0,0,1,0,0,0,0,"Нет данных,,,,,",1,Нет данных,,347
Раимкулов Асан,0,2,0,91,0,0,0,0,0,0,0,0,0,0,0,0,1,0,0,0,0,"Нет данных,Нет данных,,,,",1,Нет данных,1.0,348
Раимкулов Асан,0,2,0,87,0,0,0,0,0,0,0,0,0,0,0,0,1,0,0,0,0,"Нет данных,Нет данных,,,,",2,Нет данных,1.0,348
Райымкулов Бактыбек Кемелбекович,0,1,0,93,0,0,0,0,0,0,0,1,0,0,0,0,0,0,0,0,1,",,,,,Республика - Ата Журт",6,Республика - Ата Журт,,349
Рахимдинова Жылдыз Турсуновна,0,1,0,1,1,0,1,0,0,0,0,0,0,0,0,0,0,0,0,0,0,",,,Ак Жол,,",4,Ак Жол,,350
Режавалиев Абдулатип Маматасанович,0,1,0,83,0,0,0,0,0,0,0,1,0,0,0,0,0,0,0,0,0,",,,,Республика,",5,Республика,,351
Рустенбеков Джаныш Султанкулович,0,1,0,38,0,0,0,0,0,0,0,0,0,0,0,0,1,0,0,0,0,",Нет данных,,,,",2,Нет данных,,352
Рысалиев Зарылбек Кылычбекович,0,1,0,92,0,0,0,0,0,0,0,1,0,0,0,0,0,0,0,0,1,",,,,,Республика - Ата Журт",6,Республика - Ата Журт,,353
Рыспаев Кожобек Джайчыбекович,0,2,1,6,0,0,0,1,0,0,0,0,1,0,0,0,0,0,0,0,0,",,,,Ар-Намыс,СДПК",5,Ар-Намыс,1.0,354
Рыспаев Кожобек Джайчыбекович,0,2,1,118,0,0,0,1,0,0,0,0,1,0,0,0,0,0,0,0,0,",,,,Ар-Намыс,СДПК",6,СДПК,1.0,354
Сабиров Алишер Ахмедович,0,4,0,47,0,1,1,0,0,0,0,0,0,0,0,0,1,0,0,0,0,"Нет данных,Нет данных,Самовыдвиженец,Ак Жол,,",1,Нет данных,1.0,355
Сабиров Алишер Ахмедович,0,4,0,86,0,1,1,0,0,0,0,0,0,0,0,0,1,0,0,0,0,"Нет данных,Нет данных,Самовыдвиженец,Ак Жол,,",2,Нет данных,1.0,355
Сабиров Алишер Ахмедович,0,4,0,47,0,1,1,0,0,0,0,0,0,0,0,0,1,0,0,0,0,"Нет данных,Нет данных,Самовыдвиженец,Ак Жол,,",3,Самовыдвиженец,1.0,355
Сабиров Алишер Ахмедович,0,4,0,18,0,1,1,0,0,0,0,0,0,0,0,0,1,0,0,0,0,"Нет данных,Нет данных,Самовыдвиженец,Ак Жол,,",4,Ак Жол,1.0,355
Сабиров Давран Муратович,0,3,0,90,0,1,0,0,0,0,0,0,0,0,0,0,1,0,0,0,0,"Нет данных,Нет данных,Самовыдвиженец,,,",1,Нет данных,1.0,356
Сабиров Давран Муратович,0,3,0,37,0,1,0,0,0,0,0,0,0,0,0,0,1,0,0,0,0,"Нет данных,Нет данных,Самовыдвиженец,,,",2,Нет данных,1.0,356
Сабиров Давран Муратович,0,3,0,46,0,1,0,0,0,0,0,0,0,0,0,0,1,0,0,0,0,"Нет данных,Нет данных,Самовыдвиженец,,,",3,Самовыдвиженец,1.0,356
Сабиров Максат Эсенович,1,2,0,82,0,0,0,0,0,0,0,1,0,0,0,0,0,0,0,0,1,",,,,Республика,Республика - Ата Журт",5,Республика,1.0,357
Сабиров Максат Эсенович,1,2,0,97,0,0,0,0,0,0,0,1,0,0,0,0,0,0,0,0,1,",,,,Республика,Республика - Ата Журт",6,Республика - Ата Журт,1.0,357
Сабиров Равшанбек Азатович,0,1,0,29,0,0,0,0,0,1,0,0,0,0,0,0,0,0,0,0,0,",,,,Ата Мекен,",5,Ата Мекен,,358
Савицкий Александр Васильевич,0,1,0,36,0,0,0,0,0,0,0,0,0,0,0,0,1,0,0,0,0,",Нет данных,,,,",2,Нет данных,,359
Садыбакасова Шарипа Садыбакасовна,0,3,0,89,1,0,1,0,0,0,0,0,0,0,0,0,1,0,0,0,0,"Нет данных,Нет данных,,Ак Жол,,",1,Нет данных,2.0,360
Садыбакасова Шарипа Садыбакасовна,0,3,0,35,1,0,1,0,0,0,0,0,0,0,0,0,1,0,0,0,0,"Нет данных,Нет данных,,Ак Жол,,",2,Нет данных,2.0,360
Садыбакасова Шарипа Садыбакасовна,0,3,0,20,1,0,1,0,0,0,0,0,0,0,0,0,1,0,0,0,0,"Нет данных,Нет данных,,Ак Жол,,",4,Ак Жол,2.0,360
Садырбаев Дооронбек,0,3,0,46,0,0,0,0,0,0,1,0,0,0,0,0,1,0,0,0,0,"Нет данных,Нет данных,Ата-Журт,,,",1,Нет данных,1.0,361
Садырбаев Дооронбек,0,3,0,85,0,0,0,0,0,0,1,0,0,0,0,0,1,0,0,0,0,"Нет данных,Нет данных,Ата-Журт,,,",2,Нет данных,1.0,361
Садырбаев Дооронбек,0,3,0,22,0,0,0,0,0,0,1,0,0,0,0,0,1,0,0,0,0,"Нет данных,Нет данных,Ата-Журт,,,",3,Ата-Журт,1.0,361
Садырбаева Гуласал,0,1,0,32,1,0,0,0,0,1,0,0,0,0,0,0,0,0,0,0,0,",,,,Ата Мекен,",5,Ата Мекен,,362
Сакебаев Советбек Абдышевич,0,1,0,38,0,0,1,0,0,0,0,0,0,0,0,0,0,0,0,0,0,",,,Ак Жол,,",4,Ак Жол,,363
Сакебаев Эркин Абдышевич,0,1,0,107,0,0,0,1,0,0,0,0,0,0,0,0,0,0,0,0,0,",,,,СДПК,",5,СДПК,,364
Салахудинов Жалаллидин Сабахидинович,0,1,0,21,0,0,1,0,0,0,0,0,0,0,0,0,0,0,0,0,0,",,,Ак Жол,,",4,Ак Жол,,365
Салимов Турсунтай Аблизович,0,1,0,117,0,0,0,1,0,0,0,0,0,0,0,0,0,0,0,0,0,",,,,СДПК,",5,СДПК,,366
Салымбеков Аскар Мааткабылович,0,2,1,7,0,0,1,0,0,0,0,0,0,1,0,0,0,0,0,0,0,",,Алга Кыргызстан,Ак Жол,,",3,Алга Кыргызстан,1.0,367
Салымбеков Аскар Мааткабылович,0,2,1,37,0,0,1,0,0,0,0,0,0,1,0,0,0,0,0,0,0,",,Алга Кыргызстан,Ак Жол,,",4,Ак Жол,1.0,367
Салымбеков Мамытбай Маткабылович,0,2,1,16,0,0,0,1,0,0,0,0,0,1,0,0,0,0,0,0,0,",,Алга Кыргызстан,,СДПК,",3,Алга Кыргызстан,2.0,368
Салымбеков Мамытбай Маткабылович,0,2,1,100,0,0,0,1,0,0,0,0,0,1,0,0,0,0,0,0,0,",,Алга Кыргызстан,,СДПК,",5,СДПК,2.0,368
Салянова Аида Женишбековна,0,1,0,6,1,0,0,0,0,1,0,0,0,0,0,0,0,0,0,0,0,",,,,,Ата Мекен",6,Ата Мекен,,369
Самаев Урматбек Обозбекович,0,1,0,29,0,0,0,0,0,0,0,0,0,0,0,0,0,0,1,0,0,",,,,,Кыргызстан",6,Кыргызстан,,370
Самаков Карганбек Садыкович,0,3,0,34,0,1,0,0,0,1,0,0,0,0,0,0,1,0,0,0,0,",Нет данных,Самовыдвиженец,,Ата Мекен,",2,Нет данных,2.0,371
Самаков Карганбек Садыкович,0,3,0,28,0,1,0,0,0,1,0,0,0,0,0,0,1,0,0,0,0,",Нет данных,Самовыдвиженец,,Ата Мекен,",3,Самовыдвиженец,2.0,371
Самаков Карганбек Садыкович,0,3,0,34,0,1,0,0,0,1,0,0,0,0,0,0,1,0,0,0,0,",Нет данных,Самовыдвиженец,,Ата Мекен,",5,Ата Мекен,2.0,371
Самат Гульнара-Клара,0,1,0,1,1,0,0,0,0,1,0,0,0,0,0,0,0,0,0,0,0,",,,,,Ата Мекен",6,Ата Мекен,,372
Саматов Жыргалбек Алимбаевич,0,1,0,104,0,0,0,0,0,0,0,1,0,0,0,0,0,0,0,0,1,",,,,,Республика - Ата Журт",6,Республика - Ата Журт,,373
Самигуллина Альфия Эльдаровна,0,1,0,131,1,0,0,1,0,0,0,0,0,0,0,0,0,0,0,0,0,",,,,,СДПК",6,СДПК,,374
Сан Борис Анатольевич,0,1,0,36,0,0,1,0,0,0,0,0,0,0,0,0,0,0,0,0,0,",,,Ак Жол,,",4,Ак Жол,,375
Сапарбаев Жоомарт Рахатович,0,1,0,38,0,0,0,0,0,1,0,0,0,0,0,0,0,0,0,0,0,",,,,Ата Мекен,",5,Ата Мекен,,376
Сариев Темир Аргембаевич,0,2,0,84,0,1,0,0,0,0,0,0,0,0,0,0,1,0,0,0,0,",Нет данных,Самовыдвиженец,,,",2,Нет данных,1.0,377
Сариев Темир Аргембаевич,0,2,0,29,0,1,0,0,0,0,0,0,0,0,0,0,1,0,0,0,0,",Нет данных,Самовыдвиженец,,,",3,Самовыдвиженец,1.0,377
Сарпашев Тайырбек Дуйшекеевич,0,2,0,83,0,0,0,0,0,0,0,0,0,1,0,0,1,0,0,0,0,",Нет данных,Алга Кыргызстан,,,",2,Нет данных,1.0,378
Сарпашев Тайырбек Дуйшекеевич,0,2,0,9,0,0,0,0,0,0,0,0,0,1,0,0,1,0,0,0,0,",Нет данных,Алга Кыргызстан,,,",3,Алга Кыргызстан,1.0,378
Сарсейитов Исланбек Зайырбекович,0,1,0,47,0,0,0,0,0,0,0,0,0,0,0,0,0,0,1,0,0,",,,,,Кыргызстан",6,Кыргызстан,,379
Сарыгулов Дастан Исламович,0,1,0,88,0,0,0,0,0,0,0,0,0,0,0,0,1,0,0,0,0,"Нет данных,,,,,",1,Нет данных,,380
Сасыкбаева Асия Айтбаевна,0,1,0,35,1,0,0,0,0,1,0,0,0,0,0,0,0,0,0,0,0,",,,,Ата Мекен,",5,Ата Мекен,,381
Сатыбалдиев Жанторо Жолдошевич,0,1,0,31,0,1,0,0,0,0,0,0,0,0,0,0,0,0,0,0,0,",,Самовыдвиженец,,,",3,Самовыдвиженец,,382
Сатыбалдиев Кыянбек Урмаматович,0,1,0,149,0,0,0,1,0,0,0,0,0,0,0,0,0,0,0,0,0,",,,,,СДПК",6,СДПК,,383
Сейтказиев Анаш Токтосунович,0,1,0,87,0,0,0,0,1,0,0,0,0,0,0,0,0,0,0,0,0,",,,Партия коммунистов КР,,",4,Партия коммунистов КР,,384
Сидоренко Раиса Васильевна,0,1,0,35,1,0,1,0,0,0,0,0,0,0,0,0,0,0,0,0,0,",,,Ак Жол,,",4,Ак Жол,,385
Скрипкина Галина Анатольевна,1,3,0,91,1,0,0,1,0,0,0,0,0,0,0,0,0,0,0,0,0,",,,СДПК,СДПК,СДПК",4,СДПК,1.0,386
Скрипкина Галина Анатольевна,1,3,0,119,1,0,0,1,0,0,0,0,0,0,0,0,0,0,0,0,0,",,,СДПК,СДПК,СДПК",5,СДПК,1.0,386
Скрипкина Галина Анатольевна,1,3,0,150,1,0,0,1,0,0,0,0,0,0,0,0,0,0,0,0,0,",,,СДПК,СДПК,СДПК",6,СДПК,1.0,386
Строкова Евгения Григорьевна,0,1,0,144,1,0,0,1,0,0,0,0,0,0,0,0,0,0,0,0,0,",,,,,СДПК",6,СДПК,,387
Субанбеков Бакирдин Жамалович,0,1,0,26,0,0,0,0,0,0,0,0,0,0,0,0,0,1,0,0,0,",,,,,Бир Бол",6,Бир Бол,,388
Субанбеков Таалайбек Джамалович,0,1,0,32,0,1,0,0,0,0,0,0,0,0,0,0,0,0,0,0,0,",,Самовыдвиженец,,,",3,Самовыдвиженец,,389
Субанов Мырзакан Усурканович,0,1,0,82,0,0,0,0,0,0,0,0,0,0,0,0,1,0,0,0,0,",Нет данных,,,,",2,Нет данных,,390
Суваналиев Омурбек Исакович,0,1,0,38,0,0,0,0,0,0,0,0,0,0,0,0,1,0,0,0,0,"Нет данных,,,,,",1,Нет данных,,391
Сулайманов Алтынбек Турдубаевич,0,3,1,34,0,0,1,0,0,0,0,1,0,0,0,0,0,1,0,0,0,",,,Ак Жол,Республика,Бир Бол",4,Ак Жол,1.0,392
Сулайманов Алтынбек Турдубаевич,0,3,1,87,0,0,1,0,0,0,0,1,0,0,0,0,0,1,0,0,0,",,,Ак Жол,Республика,Бир Бол",5,Республика,1.0,392
Сулайманов Алтынбек Турдубаевич,0,3,1,17,0,0,1,0,0,0,0,1,0,0,0,0,0,1,0,0,0,",,,Ак Жол,Республика,Бир Бол",6,Бир Бол,1.0,392
Сулайманов Нурлан Чолпонбаевич,0,1,0,56,0,0,0,0,0,0,1,0,0,0,0,0,0,0,0,0,0,",,,,Ата-Журт,",5,Ата-Журт,,393
Сулейманов Бахадыр Искакович,0,1,0,3,0,0,0,0,0,1,0,0,0,0,0,0,0,0,0,0,0,",,,,,Ата Мекен",6,Ата Мекен,,394
Султаналиева Гульжамал Тиленбаевна,0,1,0,85,1,0,0,0,1,0,0,0,0,0,0,0,0,0,0,0,0,",,,Партия коммунистов КР,,",4,Партия коммунистов КР,,395
Султанбекова Чолпон Аалыевна,0,2,1,90,1,0,0,0,0,0,0,1,0,0,0,0,0,0,1,0,0,",,,,Республика,Кыргызстан",5,Республика,1.0,396
Султанбекова Чолпон Аалыевна,0,2,1,46,1,0,0,0,0,0,0,1,0,0,0,0,0,0,1,0,0,",,,,Республика,Кыргызстан",6,Кыргызстан,1.0,396
Султанов Абдыкапар Маданбекович,0,1,0,60,0,0,0,0,0,0,0,0,0,0,0,0,0,0,0,1,0,",,,,,Онугуу-Прогресс",6,Онугуу-Прогресс,,397
Султанов Акылбек Шакирович,0,1,0,99,0,0,0,1,0,0,0,0,0,0,0,0,0,0,0,0,0,",,,,СДПК,",5,СДПК,,398
Султанов Алымбай Алымбекович,0,1,0,81,0,0,0,0,0,0,0,0,0,0,0,0,1,0,0,0,0,",Нет данных,,,,",2,Нет данных,,399
Султанов Бекболот Мырзакасымович,0,1,0,87,0,0,0,0,0,0,0,0,0,0,0,0,1,0,0,0,0,"Нет данных,,,,,",1,Нет данных,,400
Султанов Марат Абдыразакович,0,3,0,80,0,1,0,0,0,0,1,0,0,0,0,0,1,0,0,0,0,",Нет данных,Самовыдвиженец,,Ата-Журт,",2,Нет данных,2.0,401
Султанов Марат Абдыразакович,0,3,0,33,0,1,0,0,0,0,1,0,0,0,0,0,1,0,0,0,0,",Нет данных,Самовыдвиженец,,Ата-Журт,",3,Самовыдвиженец,2.0,401
Султанов Марат Абдыразакович,0,3,0,65,0,1,0,0,0,0,1,0,0,0,0,0,1,0,0,0,0,",Нет данных,Самовыдвиженец,,Ата-Журт,",5,Ата-Журт,2.0,401
Сурабалдиева Эльвира Жыргалбековна,0,1,0,120,1,0,0,1,0,0,0,0,0,0,0,0,0,0,0,0,0,",,,,,СДПК",6,СДПК,,402
Суракматов Азиз Эмильбекович,0,1,0,52,0,0,0,0,0,0,1,0,0,0,0,0,0,0,0,0,0,",,,,Ата-Журт,",5,Ата-Журт,,403
Сыдыгалиев Бектен Качкыналиевич,0,1,0,48,0,0,0,0,0,0,0,0,0,0,0,0,0,0,1,0,0,",,,,,Кыргызстан",6,Кыргызстан,,404
Сыдыгалиев Нурбек Омурбекович,0,1,0,13,0,0,0,0,0,1,0,0,0,0,0,0,0,0,0,0,0,",,,,,Ата Мекен",6,Ата Мекен,,405
Сыдыков Бактыбек Усенович,0,1,0,76,0,0,0,0,0,0,0,1,0,0,0,0,0,0,0,0,1,",,,,,Республика - Ата Журт",6,Республика - Ата Журт,,406
Сыдыков Усен,0,1,0,86,0,0,0,0,0,0,0,0,0,0,0,0,1,0,0,0,0,"Нет данных,,,,,",1,Нет данных,,407
Сыдыков Шералы Матенович,0,1,0,45,0,0,0,0,0,0,0,0,0,0,0,0,1,0,0,0,0,"Нет данных,,,,,",1,Нет данных,,408
Сыдыкова Лейла Чынтургановна,0,1,0,33,1,0,1,0,0,0,0,0,0,0,0,0,0,0,0,0,0,",,,Ак Жол,,",4,Ак Жол,,409
Тагаев Айтибай Султанович,0,2,1,10,0,0,1,0,0,0,0,0,0,1,0,0,0,0,0,0,0,",,Алга Кыргызстан,Ак Жол,,",3,Алга Кыргызстан,1.0,410
Тагаев Айтибай Султанович,0,2,1,32,0,0,1,0,0,0,0,0,0,1,0,0,0,0,0,0,0,",,Алга Кыргызстан,Ак Жол,,",4,Ак Жол,1.0,410
Тагаев Рашид Бакирович,0,2,0,44,0,1,1,0,0,0,0,0,0,0,0,0,0,0,0,0,0,",,Самовыдвиженец,Ак Жол,,",3,Самовыдвиженец,1.0,411
Тагаев Рашид Бакирович,0,2,0,31,0,1,1,0,0,0,0,0,0,0,0,0,0,0,0,0,0,",,Самовыдвиженец,Ак Жол,,",4,Ак Жол,1.0,411
Тагаев Эрмамат Султанович,0,1,0,24,0,0,0,0,0,0,0,0,0,0,0,0,0,1,0,0,0,",,,,,Бир Бол",6,Бир Бол,,412
Талиева Камила Абдыразаковна,0,1,0,9,1,0,0,0,0,0,0,0,1,0,0,0,0,0,0,0,0,",,,,Ар-Намыс,",5,Ар-Намыс,,413
Ташиев Камчыбек Кыдыршаевич,0,2,0,45,0,1,0,0,0,0,1,0,0,0,0,0,0,0,0,0,0,",,Самовыдвиженец,,Ата-Журт,",3,Самовыдвиженец,2.0,414
Ташиев Камчыбек Кыдыршаевич,0,2,0,58,0,1,0,0,0,0,1,0,0,0,0,0,0,0,0,0,0,",,Самовыдвиженец,,Ата-Журт,",5,Ата-Журт,2.0,414
Таштанбеков Акбокон Дукенович,0,1,0,53,0,0,0,0,0,0,0,0,0,0,0,0,1,0,0,0,0,",Нет данных,,,,",2,Нет данных,,415
Текебаев Омурбек Чиркешович,0,5,1,44,0,0,0,0,0,1,1,0,0,0,0,0,1,0,0,0,0,"Нет данных,Нет данных,Ата-Журт,,Ата Мекен,Ата Мекен",1,Нет данных,2.0,416
Текебаев Омурбек Чиркешович,0,5,1,103,0,0,0,0,0,1,1,0,0,0,0,0,1,0,0,0,0,"Нет данных,Нет данных,Ата-Журт,,Ата Мекен,Ата Мекен",2,Нет данных,2.0,416
Текебаев Омурбек Чиркешович,0,5,1,25,0,0,0,0,0,1,1,0,0,0,0,0,1,0,0,0,0,"Нет данных,Нет данных,Ата-Журт,,Ата Мекен,Ата Мекен",3,Ата-Журт,2.0,416
Текебаев Омурбек Чиркешович,0,5,1,40,0,0,0,0,0,1,1,0,0,0,0,0,1,0,0,0,0,"Нет данных,Нет данных,Ата-Журт,,Ата Мекен,Ата Мекен",5,Ата Мекен,2.0,416
Текебаев Омурбек Чиркешович,0,5,1,7,0,0,0,0,0,1,1,0,0,0,0,0,1,0,0,0,0,"Нет данных,Нет данных,Ата-Журт,,Ата Мекен,Ата Мекен",6,Ата Мекен,2.0,416
Тентиев Дженишбек Абдиевич,0,1,0,85,0,0,0,0,0,0,0,0,0,0,0,0,1,0,0,0,0,"Нет данных,,,,,",1,Нет данных,,417
Тербишалиев Данияр Омурзакович,0,1,0,106,0,0,0,1,0,0,0,0,0,0,0,0,0,0,0,0,0,",,,,СДПК,",5,СДПК,,418
Тилебалиев Адылбек Казыбекович,0,1,0,33,0,0,0,0,0,0,0,0,0,0,0,0,1,0,0,0,0,",Нет данных,,,,",2,Нет данных,,419
Тиллаев Таабалды Гапырович,0,1,0,81,0,0,0,0,0,0,0,1,0,0,0,0,0,0,0,0,1,",,,,,Республика - Ата Журт",6,Республика - Ата Журт,,420
Тойчубеков Юруслан Жуманович,0,1,0,84,0,0,0,0,0,0,0,0,0,0,0,0,1,0,0,0,0,"Нет данных,,,,,",1,Нет данных,,421
Токоев Иса Насыралиевич,0,2,0,83,0,0,0,0,0,0,0,0,0,0,0,0,1,0,0,0,0,"Нет данных,Нет данных,,,,",1,Нет данных,1.0,422
Токоев Иса Насыралиевич,0,2,0,52,0,0,0,0,0,0,0,0,0,0,0,0,1,0,0,0,0,"Нет данных,Нет данных,,,,",2,Нет данных,1.0,422
Токтоболотов Малабек Анашевич,0,1,0,82,0,0,0,0,0,0,0,0,0,0,0,0,1,0,0,0,0,"Нет данных,,,,,",1,Нет данных,,423
Токтомышев Советбек,0,1,0,81,0,0,0,0,0,0,0,0,0,0,0,0,1,0,0,0,0,"Нет данных,,,,,",1,Нет данных,,424
Токторов Алмазбек Сатиевич,0,1,0,38,0,0,0,0,0,0,0,0,0,0,0,0,0,0,1,0,0,",,,,,Кыргызстан",6,Кыргызстан,,425
Токтошев Эмиль Токтакунович,0,1,0,4,0,0,0,0,0,1,0,0,0,0,0,0,0,0,0,0,0,",,,,,Ата Мекен",6,Ата Мекен,,426
Тологонов Райкан,0,1,0,30,0,0,0,0,0,1,0,0,0,0,0,0,0,0,0,0,0,",,,,Ата Мекен,",5,Ата Мекен,,427
Толоконцев Владимир Григорьевич,0,1,0,50,0,0,0,0,0,0,0,0,0,0,0,0,1,0,0,0,0,",Нет данных,,,,",2,Нет данных,,428
Толонов Арапбай,0,4,0,80,0,1,1,0,0,0,0,0,0,0,0,0,1,0,0,0,0,"Нет данных,Нет данных,Самовыдвиженец,Ак Жол,,",1,Нет данных,1.0,429
Толонов Арапбай,0,4,0,32,0,1,1,0,0,0,0,0,0,0,0,0,1,0,0,0,0,"Нет данных,Нет данных,Самовыдвиженец,Ак Жол,,",2,Нет данных,1.0,429
Толонов Арапбай,0,4,0,35,0,1,1,0,0,0,0,0,0,0,0,0,1,0,0,0,0,"Нет данных,Нет данных,Самовыдвиженец,Ак Жол,,",3,Самовыдвиженец,1.0,429
Толонов Арапбай,0,4,0,30,0,1,1,0,0,0,0,0,0,0,0,0,1,0,0,0,0,"Нет данных,Нет данных,Самовыдвиженец,Ак Жол,,",4,Ак Жол,1.0,429
Толонов Данияр Эрмекович,0,1,0,37,0,0,0,0,0,0,0,0,0,0,0,0,0,0,1,0,0,",,,,,Кыргызстан",6,Кыргызстан,,430
Торобаев Бакыт Эргешевич,0,3,1,29,0,0,1,0,0,0,0,1,0,0,0,0,0,0,0,1,0,",,,Ак Жол,Республика,Онугуу-Прогресс",4,Ак Жол,1.0,431
Торобаев Бакыт Эргешевич,0,3,1,88,0,0,1,0,0,0,0,1,0,0,0,0,0,0,0,1,0,",,,Ак Жол,Республика,Онугуу-Прогресс",5,Республика,1.0,431
Торобаев Бакыт Эргешевич,0,3,1,57,0,0,1,0,0,0,0,1,0,0,0,0,0,0,0,1,0,",,,Ак Жол,Республика,Онугуу-Прогресс",6,Онугуу-Прогресс,1.0,431
Торобаев Эргеш Торобаевич,0,3,0,53,0,0,0,0,0,0,0,0,0,1,0,0,1,0,0,0,0,"Нет данных,Нет данных,Алга Кыргызстан,,,",1,Нет данных,1.0,432
Торобаев Эргеш Торобаевич,0,3,0,31,0,0,0,0,0,0,0,0,0,1,0,0,1,0,0,0,0,"Нет данных,Нет данных,Алга Кыргызстан,,,",2,Нет данных,1.0,432
Торобаев Эргеш Торобаевич,0,3,0,11,0,0,0,0,0,0,0,0,0,1,0,0,1,0,0,0,0,"Нет данных,Нет данных,Алга Кыргызстан,,,",3,Алга Кыргызстан,1.0,432
Торобеков Нурлан Надирович,0,1,0,12,0,0,0,0,0,0,0,0,1,0,0,0,0,0,0,0,0,",,,,Ар-Намыс,",5,Ар-Намыс,,433
Торокулов Дуйшон Гуламкадырович,0,1,0,18,0,0,0,0,0,0,0,0,0,0,0,0,0,1,0,0,0,",,,,,Бир Бол",6,Бир Бол,,434
Тотонов Нурбек Темирбекович,0,1,0,86,0,0,0,0,0,0,0,1,0,0,0,0,0,0,0,0,1,",,,,,Республика - Ата Журт",6,Республика - Ата Журт,,435
Тулендыбаев Пархат Розымович,0,2,1,28,0,0,1,0,0,0,0,1,0,0,0,0,0,0,0,0,1,",,,Ак Жол,,Республика - Ата Журт",4,Ак Жол,2.0,436
Тулендыбаев Пархат Розымович,0,2,1,70,0,0,1,0,0,0,0,1,0,0,0,0,0,0,0,0,1,",,,Ак Жол,,Республика - Ата Журт",6,Республика - Ата Журт,2.0,436
Тулубердиев Жамалбек Тулебердиевич,0,1,0,103,0,0,0,0,0,0,0,0,0,0,0,0,1,0,0,0,0,"Нет данных,,,,,",1,Нет данных,,437
Туманбаева Рада Мураталыевна,0,1,0,73,1,0,0,0,0,0,0,1,0,0,0,0,0,0,0,0,1,",,,,,Республика - Ата Журт",6,Республика - Ата Журт,,438
Туманов Кубанычбек Туманович,0,1,0,14,0,0,0,0,0,0,0,0,1,0,0,0,0,0,0,0,0,",,,,Ар-Намыс,",5,Ар-Намыс,,439
Туманов Токтогул Туманович,0,1,0,101,0,0,0,1,0,0,0,0,0,0,0,0,0,0,0,0,0,",,,,СДПК,",5,СДПК,,440
Турдумамбетов Жолдошбек,0,1,0,30,0,0,0,0,0,0,0,0,0,0,0,0,1,0,0,0,0,",Нет данных,,,,",2,Нет данных,,441
Турсунбаев Азизбек Атакозуевич,0,3,1,37,0,1,1,0,0,0,0,0,0,0,0,0,0,0,1,0,0,",,Самовыдвиженец,Ак Жол,,Кыргызстан",3,Самовыдвиженец,2.0,442
Турсунбаев Азизбек Атакозуевич,0,3,1,27,0,1,1,0,0,0,0,0,0,0,0,0,0,0,1,0,0,",,Самовыдвиженец,Ак Жол,,Кыргызстан",4,Ак Жол,2.0,442
Турсунбаев Азизбек Атакозуевич,0,3,1,31,0,1,1,0,0,0,0,0,0,0,0,0,0,0,1,0,0,",,Самовыдвиженец,Ак Жол,,Кыргызстан",6,Кыргызстан,2.0,442
Турсунбеков Чыныбай Акунович,1,2,0,114,0,0,0,1,0,0,0,0,0,0,0,0,0,0,0,0,0,",,,,СДПК,СДПК",5,СДПК,1.0,443
Турсунбеков Чыныбай Акунович,1,2,0,129,0,0,0,1,0,0,0,0,0,0,0,0,0,0,0,0,0,",,,,СДПК,СДПК",6,СДПК,1.0,443
Турусбеков Бактыбек Сагындыкович,0,1,0,19,0,0,0,0,0,0,0,0,0,0,0,0,0,1,0,0,0,",,,,,Бир Бол",6,Бир Бол,,444
Турускулов Жыргалбек Куручбекович,0,1,0,79,0,0,0,0,0,0,0,1,0,0,0,0,0,0,0,0,1,",,,,,Республика - Ата Журт",6,Республика - Ата Журт,,445
Тюлеев Нариман Ташболотович,0,1,0,61,0,0,0,0,0,0,1,0,0,0,0,0,0,0,0,0,0,",,,,Ата-Журт,",5,Ата-Журт,,446
Узакбаев Абылкайыр Осмонбекович,0,1,0,58,0,0,0,0,0,0,0,0,0,0,0,0,0,0,0,1,0,",,,,,Онугуу-Прогресс",6,Онугуу-Прогресс,,447
Узакбаев Талантбек Макишович,0,1,0,3,0,0,0,0,0,0,0,0,1,0,0,0,0,0,0,0,0,",,,,Ар-Намыс,",5,Ар-Намыс,,448
Узакбаев Эмильбек Узакбаевич,0,1,0,52,0,0,0,0,0,0,0,0,0,0,0,0,1,0,0,0,0,"Нет данных,,,,,",1,Нет данных,,449
Урманаев Султан Исакунович,0,2,0,50,0,1,0,0,0,0,0,0,0,0,0,0,1,0,0,0,0,"Нет данных,,Самовыдвиженец,,,",1,Нет данных,2.0,450
Урманаев Султан Исакунович,0,2,0,38,0,1,0,0,0,0,0,0,0,0,0,0,1,0,0,0,0,"Нет данных,,Самовыдвиженец,,,",3,Самовыдвиженец,2.0,450
Усенов Данияр Токтогулович,0,1,0,43,0,0,0,0,0,0,0,0,0,0,0,0,1,0,0,0,0,"Нет данных,,,,,",1,Нет данных,,451
Усубалиев Турдакун Усубалиевич,0,2,0,22,0,0,0,0,0,0,0,0,0,0,0,0,1,0,0,0,0,"Нет данных,Нет данных,,,,",1,Нет данных,1.0,452
Усубалиев Турдакун Усубалиевич,0,2,0,22,0,0,0,0,0,0,0,0,0,0,0,0,1,0,0,0,0,"Нет данных,Нет данных,,,,",2,Нет данных,1.0,452
Фаттахов Бахтияржан Азизович,0,1,0,21,0,0,0,0,0,0,0,0,0,0,0,0,1,0,0,0,0,"Нет данных,,,,,",1,Нет данных,,453
Хакимов Абдумуталип Мирзарахимович,0,1,0,12,0,0,0,0,0,0,0,0,0,1,0,0,0,0,0,0,0,",,Алга Кыргызстан,,,",3,Алга Кыргызстан,,454
Худайбергенов Болот Джузумкулович,0,1,0,21,0,0,0,0,0,0,0,0,0,0,0,0,1,0,0,0,0,",Нет данных,,,,",2,Нет данных,,455
Чекиев Турдубек Узакбаевич,0,1,0,20,0,0,0,0,0,0,0,0,0,0,0,0,1,0,0,0,0,",Нет данных,,,,",2,Нет данных,,456
Чойбеков Руслан Нуркалиевич,0,1,0,36,0,0,0,0,0,0,0,0,0,0,0,0,0,0,1,0,0,",,,,,Кыргызстан",6,Кыргызстан,,457
Чолпонбаев Мукар Шалтакович,0,1,0,42,0,0,0,0,0,0,0,0,0,0,0,0,1,0,0,0,0,"Нет данных,,,,,",1,Нет данных,,458
Чолпонбаев Улан Сапарбекович,1,2,0,69,0,0,0,0,0,0,1,1,0,0,0,0,0,0,0,0,1,",,,,Ата-Журт,Республика - Ата Журт",5,Ата-Журт,1.0,459
Чолпонбаев Улан Сапарбекович,1,2,0,87,0,0,0,0,0,0,1,1,0,0,0,0,0,0,0,0,1,",,,,Ата-Журт,Республика - Ата Журт",6,Республика - Ата Журт,1.0,459
Чотонов Дуйшенкул Тезекбаевич,0,1,0,19,0,0,0,0,0,0,0,0,0,0,0,0,1,0,0,0,0,",Нет данных,,,,",2,Нет данных,,460
Чудинов Игорь Витальевич,0,1,0,22,0,0,0,0,0,0,0,0,0,0,0,0,0,1,0,0,0,",,,,,Бир Бол",6,Бир Бол,,461
Чырмашев Сатывалды Чырмашевич,0,1,0,63,0,0,0,0,0,0,0,0,0,0,0,0,1,0,0,0,0,",Нет данных,,,,",2,Нет данных,,462
Шабанова Татьяна Владимировна,0,1,0,26,1,0,1,0,0,0,0,0,0,0,0,0,0,0,0,0,0,",,,Ак Жол,,",4,Ак Жол,,463
Шабатоев Руслан Алымкулович,0,1,0,92,0,0,0,1,0,0,0,0,0,0,0,0,0,0,0,0,0,",,,СДПК,,",4,СДПК,,464
Шадиев Аскарбек Алимбаевич,0,4,1,61,0,0,1,0,0,0,0,0,0,1,0,0,1,1,0,0,0,",Нет данных,Алга Кыргызстан,Ак Жол,,Бир Бол",2,Нет данных,2.0,465
Шадиев Аскарбек Алимбаевич,0,4,1,13,0,0,1,0,0,0,0,0,0,1,0,0,1,1,0,0,0,",Нет данных,Алга Кыргызстан,Ак Жол,,Бир Бол",3,Алга Кыргызстан,2.0,465
Шадиев Аскарбек Алимбаевич,0,4,1,25,0,0,1,0,0,0,0,0,0,1,0,0,1,1,0,0,0,",Нет данных,Алга Кыргызстан,Ак Жол,,Бир Бол",4,Ак Жол,2.0,465
Шадиев Аскарбек Алимбаевич,0,4,1,25,0,0,1,0,0,0,0,0,0,1,0,0,1,1,0,0,0,",Нет данных,Алга Кыргызстан,Ак Жол,,Бир Бол",6,Бир Бол,2.0,465
Шайлиева Токон Асановна,0,1,0,41,1,0,0,0,0,0,0,0,0,0,0,0,1,0,0,0,0,"Нет данных,,,,,",1,Нет данных,,466
Шайназаров Тынчтык Урайимович,0,2,1,77,0,0,0,0,0,0,0,1,0,0,0,0,0,0,0,1,0,",,,,Республика,Онугуу-Прогресс",5,Республика,1.0,467
Шайназаров Тынчтык Урайимович,0,2,1,59,0,0,0,0,0,0,0,1,0,0,0,0,0,0,0,1,0,",,,,Республика,Онугуу-Прогресс",6,Онугуу-Прогресс,1.0,467
Шарапов Закир Эшматович,0,2,0,18,0,0,0,0,0,0,0,1,0,0,0,0,1,0,0,0,1,",Нет данных,,,,Республика - Ата Журт",2,Нет данных,4.0,468
Шарапов Закир Эшматович,0,2,0,72,0,0,0,0,0,0,0,1,0,0,0,0,1,0,0,0,1,",Нет данных,,,,Республика - Ата Журт",6,Республика - Ата Журт,4.0,468
Шарипов Курманбек,0,1,0,29,0,0,0,0,0,0,0,0,0,0,0,0,1,0,0,0,0,",Нет данных,,,,",2,Нет данных,,469
Шевелев Владимир Николаевич,0,1,0,20,0,0,0,0,0,0,0,0,0,0,0,0,1,0,0,0,0,"Нет данных,,,,,",1,Нет данных,,470
Шер Болот,0,3,1,28,0,0,0,0,0,1,1,0,0,0,0,0,1,0,0,0,0,",Нет данных,Ата-Журт,,Ата Мекен,",2,Нет данных,2.0,471
Шер Болот,0,3,1,23,0,0,0,0,0,1,1,0,0,0,0,0,1,0,0,0,0,",Нет данных,Ата-Журт,,Ата Мекен,",3,Ата-Журт,2.0,471
Шер Болот,0,3,1,25,0,0,0,0,0,1,1,0,0,0,0,0,1,0,0,0,0,",Нет данных,Ата-Журт,,Ата Мекен,",5,Ата Мекен,2.0,471
Шер-Нияз Садык,0,1,0,8,0,0,0,0,0,1,0,0,0,0,0,0,0,0,0,0,0,",,,,,Ата Мекен",6,Ата Мекен,,472
Шин Роман Александрович,0,3,1,14,0,0,0,0,1,0,1,0,0,1,0,0,0,0,0,0,0,",,Алга Кыргызстан,Партия коммунистов КР,Ата-Журт,",3,Алга Кыргызстан,1.0,473
Шин Роман Александрович,0,3,1,81,0,0,0,0,1,0,1,0,0,1,0,0,0,0,0,0,0,",,Алга Кыргызстан,Партия коммунистов КР,Ата-Журт,",4,Партия коммунистов КР,1.0,473
Шин Роман Александрович,0,3,1,51,0,0,0,0,1,0,1,0,0,1,0,0,0,0,0,0,0,",,Алга Кыргызстан,Партия коммунистов КР,Ата-Журт,",5,Ата-Журт,1.0,473
Шыкмаматов Алмамбет Насырканович,0,1,0,5,0,0,0,0,0,1,0,0,0,0,0,0,0,0,0,0,0,",,,,,Ата Мекен",6,Ата Мекен,,474
Эгембердиев Максатбек Бакирович,0,1,0,124,0,0,0,1,0,0,0,0,0,0,0,0,0,0,0,0,0,",,,,,СДПК",6,СДПК,,475
Эгембердиев Шерали,0,1,0,88,0,0,0,0,1,0,0,0,0,0,0,0,0,0,0,0,0,",,,Партия коммунистов КР,,",4,Партия коммунистов КР,,476
Эргешов Алмазбек Манасбекович,0,1,0,53,0,0,0,0,0,0,0,0,0,0,0,0,0,0,1,0,0,",,,,,Кыргызстан",6,Кыргызстан,,477
Эркебаев Абдыганы,0,2,0,19,0,0,0,0,0,0,0,0,0,0,0,0,1,0,0,0,0,"Нет данных,Нет данных,,,,",1,Нет данных,1.0,478
Эркебаев Абдыганы,0,2,0,17,0,0,0,0,0,0,0,0,0,0,0,0,1,0,0,0,0,"Нет данных,Нет данных,,,,",2,Нет данных,1.0,478
Эркинбаев Баяман Гавусович,0,2,0,18,0,0,0,0,0,0,0,0,0,0,0,0,1,0,0,0,0,"Нет данных,Нет данных,,,,",1,Нет данных,1.0,479
Эркинбаев Баяман Гавусович,0,2,0,27,0,0,0,0,0,0,0,0,0,0,0,0,1,0,0,0,0,"Нет данных,Нет данных,,,,",2,Нет данных,1.0,479
Эрматов Аскарбек Эрматович,0,2,0,17,0,0,0,0,0,0,0,0,0,0,0,0,1,0,0,0,0,"Нет данных,Нет данных,,,,",1,Нет данных,1.0,480
Эрматов Аскарбек Эрматович,0,2,0,51,0,0,0,0,0,0,0,0,0,0,0,0,1,0,0,0,0,"Нет данных,Нет данных,,,,",2,Нет данных,1.0,480
Эрматов Эгемберди,0,1,0,108,0,0,0,1,0,0,0,0,0,0,0,0,0,0,0,0,0,",,,,СДПК,",5,СДПК,,481
Эсеналиева Сымбат,0,1,0,54,1,0,0,0,0,0,1,0,0,0,0,0,0,0,0,0,0,",,,,Ата-Журт,",5,Ата-Журт,,482
Эсенаманов Замирбек Садыбакасович,0,1,0,1,0,0,0,0,0,0,0,0,0,0,1,0,0,0,0,0,0,",,Адилет,,,",3,Адилет,,483
Эшенкулов Жениш Жусупбекович,0,1,0,104,0,0,0,0,0,0,0,0,0,0,0,0,1,0,0,0,0,",Нет данных,,,,",2,Нет данных,,484
Эшимканов Мелис Асаналиевич,0,1,0,43,0,1,0,0,0,0,0,0,0,0,0,0,0,0,0,0,0,",,Самовыдвиженец,,,",3,Самовыдвиженец,,485
Юсуров Абдумажит Лелезович,0,2,1,24,0,0,1,0,0,0,0,0,0,0,0,0,0,0,0,1,0,",,,Ак Жол,,Онугуу-Прогресс",4,Ак Жол,2.0,486
Юсуров Абдумажит Лелезович,0,2,1,66,0,0,1,0,0,0,0,0,0,0,0,0,0,0,0,1,0,",,,Ак Жол,,Онугуу-Прогресс",6,Онугуу-Прогресс,2.0,486
